domain,_original_idx,TEXT,text_length_old,word_count_old,elongation_old,ironie_old,insulte_old,mépris / haine_old,argot_old,abréviation_old,interjection_old,ROLE_old,HATE_old,TARGET_old,VERBAL_ABUSE_old,INTENTION_old,CONTEXT_old,SENTIMENT_old,Colère_old,Dégoût_old,Joie_old,Peur_old,Surprise_old,Tristesse_old,Admiration_old,Culpabilité_old,Embarras_old,Fierté_old,Jalousie_old,Autre_old,pred_Colère_old,pred_Dégoût_old,pred_Joie_old,pred_Peur_old,pred_Surprise_old,pred_Tristesse_old,pred_Admiration_old,pred_Culpabilité_old,pred_Embarras_old,pred_Fierté_old,pred_Jalousie_old,pred_Autre_old,proba_Colère_old,proba_Dégoût_old,proba_Joie_old,proba_Peur_old,proba_Surprise_old,proba_Tristesse_old,proba_Admiration_old,proba_Culpabilité_old,proba_Embarras_old,proba_Fierté_old,proba_Jalousie_old,proba_Autre_old,err_Colère_old,err_Dégoût_old,err_Joie_old,err_Peur_old,err_Surprise_old,err_Tristesse_old,err_Admiration_old,err_Culpabilité_old,err_Embarras_old,err_Fierté_old,err_Jalousie_old,err_Autre_old,n_errors_12_old,hamming_12_old,jaccard_error_12_old,weighted_hamming_12_old,error_category_old,emotion_density_12_old,mode_density_4_old,label_density_19_old,text_length_new,word_count_new,elongation_new,ironie_new,insulte_new,mépris / haine_new,argot_new,abréviation_new,interjection_new,ROLE_new,HATE_new,TARGET_new,VERBAL_ABUSE_new,INTENTION_new,CONTEXT_new,SENTIMENT_new,Colère_new,Dégoût_new,Joie_new,Peur_new,Surprise_new,Tristesse_new,Admiration_new,Culpabilité_new,Embarras_new,Fierté_new,Jalousie_new,Autre_new,pred_Colère_new,pred_Dégoût_new,pred_Joie_new,pred_Peur_new,pred_Surprise_new,pred_Tristesse_new,pred_Admiration_new,pred_Culpabilité_new,pred_Embarras_new,pred_Fierté_new,pred_Jalousie_new,pred_Autre_new,proba_Colère_new,proba_Dégoût_new,proba_Joie_new,proba_Peur_new,proba_Surprise_new,proba_Tristesse_new,proba_Admiration_new,proba_Culpabilité_new,proba_Embarras_new,proba_Fierté_new,proba_Jalousie_new,proba_Autre_new,err_Colère_new,err_Dégoût_new,err_Joie_new,err_Peur_new,err_Surprise_new,err_Tristesse_new,err_Admiration_new,err_Culpabilité_new,err_Embarras_new,err_Fierté_new,err_Jalousie_new,err_Autre_new,n_errors_12_new,hamming_12_new,jaccard_error_12_new,weighted_hamming_12_new,error_category_new,emotion_density_12_new,mode_density_4_new,label_density_19_new
Homophobie,0,Alors julie t'ai dégeulasse de sortir avec une gadji bande de salopes,69,12,0,0,1,1,1,0,0,bully,OAG,victim,DNG,AIN,,NEG,1,1,0,0,0,0,0,0,0,0,0,0,1,0,0,0,0,0,0,0,0,0,0,0,0.9716546,0.019218767,0.007433486,0.0007198794,0.00030683665,0.0029528332,4.0448045e-05,0.00089213264,0.006112918,0.0006812246,0.00022107824,0.09429036,OK,FN,OK,OK,OK,OK,OK,OK,OK,OK,OK,OK,1,0.0833333333333333,0.5,0.0114918320056999,low_error,2,1,5,69,12,0,0,1,1,1,0,0,bully,OAG,victim,DNG,AIN,,NEG,0,1,0,0,0,0,0,0,0,0,0,0,1,0,0,0,0,0,0,0,0,0,0,0,0.9716546,0.019218767,0.007433486,0.0007198794,0.00030683665,0.0029528332,4.0448045e-05,0.00089213264,0.006112918,0.0006812246,0.00022107824,0.09429036,FP,FN,OK,OK,OK,OK,OK,OK,OK,OK,OK,OK,2,0.1666666666666666,1.0,0.0154369123237308,medium_error,1,2,5
Homophobie,16,ftg grosse salope,17,3,0,0,1,1,1,1,0,bully_support,OAG,victim,OTH,ATK,DFN,NEG,0,0,0,0,0,0,0,0,0,0,0,0,0,0,0,0,0,0,0,0,0,0,0,0,1.3916391e-05,2.0879463e-06,1.2642199e-05,1.4859567e-05,3.303071e-05,1.1380679e-05,6.5983068e-06,4.902785e-07,3.2453744e-07,1.8141071e-06,7.3453386e-08,3.2445863e-05,OK,OK,OK,OK,OK,OK,OK,OK,OK,OK,OK,OK,0,0.0,0.0,0.0,exact_match,0,0,0,17,3,0,0,1,1,1,1,0,bully_support,OAG,victim,OTH,ATK,DFN,NEG,1,0,0,0,0,0,0,0,0,0,0,0,0,0,0,0,0,0,0,0,0,0,0,0,1.3916391e-05,2.0879463e-06,1.2642199e-05,1.4859567e-05,3.303071e-05,1.1380679e-05,6.5983068e-06,4.902785e-07,3.2453744e-07,1.8141071e-06,7.3453386e-08,3.2445863e-05,FN,OK,OK,OK,OK,OK,OK,OK,OK,OK,OK,OK,1,0.0833333333333333,1.0,0.0033377107726985,low_error,1,1,4
Homophobie,33,cul de crasseuse,16,3,0,0,1,1,0,0,0,bully_support,OAG,victim,NCG,ATK,DFN,NEG,1,1,0,0,0,0,0,0,0,0,0,0,0,0,0,0,0,0,0,0,0,0,0,0,1.5586274e-05,3.2328007e-06,2.017684e-05,1.7459313e-05,4.2879263e-05,1.8563976e-05,8.138645e-06,7.976954e-07,5.3754303e-07,2.785484e-06,1.2310645e-07,3.7468635e-05,FN,FN,OK,OK,OK,OK,OK,OK,OK,OK,OK,OK,2,0.1666666666666666,1.0,0.0142737164105379,medium_error,2,1,5,16,3,0,0,1,1,0,0,0,bully_support,OAG,victim,NCG,ATK,DFN,NEG,0,1,0,0,0,0,0,0,0,0,0,0,0,0,0,0,0,0,0,0,0,0,0,0,1.5586274e-05,3.2328007e-06,2.017684e-05,1.7459313e-05,4.2879263e-05,1.8563976e-05,8.138645e-06,7.976954e-07,5.3754303e-07,2.785484e-06,1.2310645e-07,3.7468635e-05,OK,FN,OK,OK,OK,OK,OK,OK,OK,OK,OK,OK,1,0.0833333333333333,1.0,0.0120992015510323,low_error,1,1,4
Homophobie,34,on fait ce qu'on veut grosse chienne,36,7,0,0,1,1,0,0,0,bully_support,OAG,victim,NCG,ATK,DFN,NEG,0,0,0,0,0,0,0,0,0,0,0,0,0,0,0,0,0,0,0,0,0,0,0,1,0.00032425064,5.1751264e-05,0.00016391296,0.00013362244,0.000116359115,0.00010252975,8.048574e-05,3.7858376e-06,2.0152876e-05,8.0735235e-06,1.126297e-06,0.9994561,OK,OK,OK,OK,OK,OK,OK,OK,OK,OK,OK,FP,1,0.0833333333333333,1.0,0.0158248178439146,low_error,0,0,0,36,7,0,0,1,1,0,0,0,bully_support,OAG,victim,NCG,ATK,DFN,NEG,1,0,0,0,0,0,0,0,0,0,0,0,0,0,0,0,0,0,0,0,0,0,0,1,0.00032425064,5.1751264e-05,0.00016391296,0.00013362244,0.000116359115,0.00010252975,8.048574e-05,3.7858376e-06,2.0152876e-05,8.0735235e-06,1.126297e-06,0.9994561,FN,OK,OK,OK,OK,OK,OK,OK,OK,OK,OK,FP,2,0.1666666666666666,1.0,0.0189495837417725,medium_error,1,1,4
Homophobie,39,on dit que la vérité grosse pute,32,7,0,0,1,1,0,0,0,bully_support,OAG,victim,NCG,GSL,DFN,NEG,0,0,0,0,0,0,0,0,0,0,0,0,0,0,0,0,0,0,0,0,0,0,0,0,1.3586609e-05,1.8185742e-06,1.1365656e-05,1.4473798e-05,2.9347704e-05,1.1625122e-05,5.260957e-06,4.2095786e-07,2.8814162e-07,1.4836506e-06,6.021173e-08,2.6965496e-05,OK,OK,OK,OK,OK,OK,OK,OK,OK,OK,OK,OK,0,0.0,0.0,0.0,exact_match,0,0,0,32,7,0,0,1,1,0,0,0,bully_support,OAG,victim,NCG,GSL,DFN,NEG,1,0,0,0,0,0,0,0,0,0,0,0,0,0,0,0,0,0,0,0,0,0,0,0,1.3586609e-05,1.8185742e-06,1.1365656e-05,1.4473798e-05,2.9347704e-05,1.1625122e-05,5.260957e-06,4.2095786e-07,2.8814162e-07,1.4836506e-06,6.021173e-08,2.6965496e-05,FN,OK,OK,OK,OK,OK,OK,OK,OK,OK,OK,OK,1,0.0833333333333333,1.0,0.0033377107726985,low_error,1,1,4
Homophobie,40,chienne que tes ont aimes pas les lesbienne ici,47,9,0,0,1,1,0,0,0,bully_support,OAG,victim,OTH,ATK,DFN,NEG,0,0,0,0,0,0,0,0,0,0,0,0,0,0,0,0,0,0,0,0,0,0,0,1,0.00046102892,5.938418e-05,0.00016955927,0.00011916714,0.0001287364,8.8582165e-05,7.2093564e-05,3.9906486e-06,2.0162683e-05,8.723795e-06,1.2230945e-06,0.9994355,OK,OK,OK,OK,OK,OK,OK,OK,OK,OK,OK,FP,1,0.0833333333333333,1.0,0.0158248178439146,low_error,0,0,0,47,9,0,0,1,1,0,0,0,bully_support,OAG,victim,OTH,ATK,DFN,NEG,0,1,0,0,0,0,0,0,0,0,0,1,0,0,0,0,0,0,0,0,0,0,0,1,0.00046102892,5.938418e-05,0.00016955927,0.00011916714,0.0001287364,8.8582165e-05,7.2093564e-05,3.9906486e-06,2.0162683e-05,8.723795e-06,1.2230945e-06,0.9994355,OK,FN,OK,OK,OK,OK,OK,OK,OK,OK,OK,OK,1,0.0833333333333333,0.5,0.0120992015510323,low_error,2,1,5
Homophobie,41,bref venais on les vire de la classe c'est grosse crasseuse,59,11,0,0,1,1,0,0,0,bully,OAG,victim,OTH,ATK,,NEG,1,1,0,0,0,0,0,0,0,0,0,0,1,0,0,0,0,0,0,0,0,0,0,0,0.67025644,0.07404312,0.0030467007,0.005706573,0.00018224632,0.054373827,0.00021704324,0.012930206,0.36346886,0.004742667,0.0014647542,0.20328896,OK,FN,OK,OK,OK,OK,OK,OK,OK,OK,OK,OK,1,0.0833333333333333,0.5,0.0114918320056999,low_error,2,1,5,59,11,0,0,1,1,0,0,0,bully,OAG,victim,OTH,ATK,,NEG,0,1,0,0,0,0,0,0,0,0,0,0,1,0,0,0,0,0,0,0,0,0,0,0,0.67025644,0.07404312,0.0030467007,0.005706573,0.00018224632,0.054373827,0.00021704324,0.012930206,0.36346886,0.004742667,0.0014647542,0.20328896,FP,FN,OK,OK,OK,OK,OK,OK,OK,OK,OK,OK,2,0.1666666666666666,1.0,0.0154369123237308,medium_error,1,1,4
Homophobie,44,on veut pas de sa ici,21,6,0,0,0,1,0,0,0,bully_support,OAG,victim,OTH,AIN,ATK,NEG,1,1,0,0,0,0,0,0,0,0,0,0,1,0,0,0,0,0,0,0,0,0,0,1,0.9967153,0.0011751715,0.0012247774,0.0004725737,0.00029329397,0.0006900017,2.7222426e-05,4.3028573e-05,0.000270803,5.945081e-05,1.1445003e-05,0.52523595,OK,FN,OK,OK,OK,OK,OK,OK,OK,OK,OK,FP,2,0.1666666666666666,0.6666666666666667,0.0273166498496146,medium_error,2,1,5,21,6,0,0,0,1,0,0,0,bully_support,OAG,victim,OTH,AIN,ATK,NEG,1,0,0,0,0,0,0,0,0,0,0,0,1,0,0,0,0,0,0,0,0,0,0,1,0.9967153,0.0011751715,0.0012247774,0.0004725737,0.00029329397,0.0006900017,2.7222426e-05,4.3028573e-05,0.000270803,5.945081e-05,1.1445003e-05,0.52523595,OK,OK,OK,OK,OK,OK,OK,OK,OK,OK,OK,FP,1,0.0833333333333333,0.5,0.0156118729690739,low_error,1,1,4
Homophobie,45,grave pas de crasseuse,22,4,0,0,1,1,1,0,0,bully_support,OAG,victim,OTH,AIN,AIN,NEG,1,1,0,0,0,0,0,0,0,0,0,0,0,0,0,0,0,0,0,0,0,0,0,0,4.9349834e-05,3.0608677e-05,9.195881e-05,3.3290937e-05,5.4353648e-05,8.6660555e-05,3.1815805e-05,7.400573e-06,9.506691e-06,1.6575594e-05,1.1991152e-06,0.0021111642,FN,FN,OK,OK,OK,OK,OK,OK,OK,OK,OK,OK,2,0.1666666666666666,1.0,0.0142737164105379,medium_error,2,1,5,22,4,0,0,1,1,1,0,0,bully_support,OAG,victim,OTH,AIN,AIN,NEG,0,1,0,0,0,0,0,0,0,0,0,0,0,0,0,0,0,0,0,0,0,0,0,0,4.9349834e-05,3.0608677e-05,9.195881e-05,3.3290937e-05,5.4353648e-05,8.6660555e-05,3.1815805e-05,7.400573e-06,9.506691e-06,1.6575594e-05,1.1991152e-06,0.0021111642,OK,FN,OK,OK,OK,OK,OK,OK,OK,OK,OK,OK,1,0.0833333333333333,1.0,0.0120992015510323,low_error,1,1,4
Homophobie,48,burk bande de chienne,21,4,0,0,1,1,0,0,1,bully_support,OAG,victim,NCG,ATK,,NEG,1,1,0,0,0,0,0,0,0,0,0,0,0,0,0,0,0,0,0,0,0,0,0,0,1.3429731e-05,1.5756025e-06,1.06662865e-05,1.3769262e-05,2.9787201e-05,1.0357118e-05,4.68735e-06,3.6067266e-07,2.4806005e-07,1.2531231e-06,5.104862e-08,2.1708162e-05,FN,FN,OK,OK,OK,OK,OK,OK,OK,OK,OK,OK,2,0.1666666666666666,1.0,0.0142737164105379,medium_error,2,1,5,21,4,0,0,1,1,0,0,1,bully_support,OAG,victim,NCG,ATK,,NEG,0,1,0,0,0,0,0,0,0,0,0,0,0,0,0,0,0,0,0,0,0,0,0,0,1.3429731e-05,1.5756025e-06,1.06662865e-05,1.3769262e-05,2.9787201e-05,1.0357118e-05,4.68735e-06,3.6067266e-07,2.4806005e-07,1.2531231e-06,5.104862e-08,2.1708162e-05,OK,FN,OK,OK,OK,OK,OK,OK,OK,OK,OK,OK,1,0.0833333333333333,1.0,0.0120992015510323,low_error,1,1,4
Homophobie,60,pute et gouine cla meme,23,5,0,0,1,1,0,0,0,bully_support,OAG,victim,NCG,ATK,DFN,NEG,1,1,0,0,0,0,0,0,0,0,0,0,0,0,0,0,0,0,0,0,0,0,0,0,1.3904744e-05,1.58786e-06,1.0544937e-05,1.3354366e-05,2.9779672e-05,1.0109406e-05,4.7867193e-06,3.6313762e-07,2.4958587e-07,1.2604246e-06,5.142398e-08,2.2266007e-05,FN,FN,OK,OK,OK,OK,OK,OK,OK,OK,OK,OK,2,0.1666666666666666,1.0,0.0142737164105379,medium_error,2,1,5,23,5,0,0,1,1,0,0,0,bully_support,OAG,victim,NCG,ATK,DFN,NEG,0,1,0,0,0,0,0,0,0,0,0,0,0,0,0,0,0,0,0,0,0,0,0,0,1.3904744e-05,1.58786e-06,1.0544937e-05,1.3354366e-05,2.9779672e-05,1.0109406e-05,4.7867193e-06,3.6313762e-07,2.4958587e-07,1.2604246e-06,5.142398e-08,2.2266007e-05,OK,FN,OK,OK,OK,OK,OK,OK,OK,OK,OK,OK,1,0.0833333333333333,1.0,0.0120992015510323,low_error,1,1,4
Homophobie,63,oui les garcons avec les filles pas filleet fille c degeulasse,62,11,0,0,0,1,0,0,0,bully_support,OAG,victim,DNG,ATK,DFN,NEG,0,0,0,0,0,0,0,0,0,0,0,0,0,0,0,0,0,0,0,0,0,0,0,0,1.2952751e-05,1.9888187e-06,1.4565784e-05,1.4908651e-05,2.8119795e-05,1.2511023e-05,5.2782343e-06,4.3862954e-07,3.0667687e-07,1.6700916e-06,6.409346e-08,4.1105835e-05,OK,OK,OK,OK,OK,OK,OK,OK,OK,OK,OK,OK,0,0.0,0.0,0.0,exact_match,0,0,0,62,11,0,0,0,1,0,0,0,bully_support,OAG,victim,DNG,ATK,DFN,NEG,0,1,0,0,0,0,0,0,0,0,0,0,0,0,0,0,0,0,0,0,0,0,0,0,1.2952751e-05,1.9888187e-06,1.4565784e-05,1.4908651e-05,2.8119795e-05,1.2511023e-05,5.2782343e-06,4.3862954e-07,3.0667687e-07,1.6700916e-06,6.409346e-08,4.1105835e-05,OK,FN,OK,OK,OK,OK,OK,OK,OK,OK,OK,OK,1,0.0833333333333333,1.0,0.0120992015510323,low_error,1,1,4
Homophobie,81,ftg tu vas kiffer,17,4,0,0,0,0,1,1,0,bully_support,OAG,victim,OTH,ATK,CNS,NEG,1,0,0,0,0,0,0,0,0,0,0,0,0,0,0,0,0,0,0,0,0,0,0,1,0.00030415363,5.3130123e-05,0.0004522439,0.00013085699,8.99861e-05,3.7607853e-05,0.00010615195,3.8990606e-06,1.8788907e-05,1.6481821e-05,1.2107013e-06,0.99911207,FN,OK,OK,OK,OK,OK,OK,OK,OK,OK,OK,FP,2,0.1666666666666666,1.0,0.0186067022487527,medium_error,1,1,4,17,4,0,0,0,0,1,1,0,bully_support,OAG,victim,OTH,ATK,CNS,NEG,1,0,1,0,0,0,0,0,0,0,0,0,0,0,0,0,0,0,0,0,0,0,0,1,0.00030415363,5.3130123e-05,0.0004522439,0.00013085699,8.99861e-05,3.7607853e-05,0.00010615195,3.8990606e-06,1.8788907e-05,1.6481821e-05,1.2107013e-06,0.99911207,FN,OK,FN,OK,OK,OK,OK,OK,OK,OK,OK,FP,3,0.25,1.0,0.051214121211192,medium_error,2,2,6
Homophobie,92," si vous ne disiez pas n'importe quoi aussi,  les gens seraient peut-êtr eun peu avec vous",90,16,0,0,0,1,0,0,0,victim,OAG,bully_support,OTH,DFN,GSL,NEG,1,0,0,0,0,0,0,0,0,0,0,1,0,0,0,0,0,0,0,0,0,0,0,0,1.5475725e-05,2.370759e-06,1.4401335e-05,1.9131507e-05,2.8404029e-05,1.30766175e-05,6.170711e-06,5.4884447e-07,3.928581e-07,1.9033519e-06,8.103192e-08,3.8782335e-05,FN,OK,OK,OK,OK,OK,OK,OK,OK,OK,OK,FN,2,0.1666666666666666,1.0,0.0186067022487527,medium_error,2,1,5,90,16,0,0,0,1,0,0,0,victim,OAG,bully_support,OTH,DFN,GSL,NEG,1,0,0,0,0,0,0,0,0,0,0,0,0,0,0,0,0,0,0,0,0,0,0,0,1.5475725e-05,2.370759e-06,1.4401335e-05,1.9131507e-05,2.8404029e-05,1.30766175e-05,6.170711e-06,5.4884447e-07,3.928581e-07,1.9033519e-06,8.103192e-08,3.8782335e-05,FN,OK,OK,OK,OK,OK,OK,OK,OK,OK,OK,OK,1,0.0833333333333333,1.0,0.0033377107726985,low_error,1,1,4
Homophobie,93,ptddddrrrrrrr mais la blague,28,4,0,0,0,1,1,1,0,bully_support,CAG,victim,OTH,ATK,DFN,NEG,1,0,1,0,0,0,0,0,0,0,0,0,1,0,0,0,0,0,0,0,0,0,0,0,0.95218784,0.0018383345,0.0035432996,0.0010036248,0.0026846996,0.00036825912,2.4710296e-05,0.00010836261,0.0006465036,6.676362e-05,3.564765e-05,0.026131805,OK,OK,FN,OK,OK,OK,OK,OK,OK,OK,OK,OK,1,0.0833333333333333,0.5,0.0357523662399554,low_error,2,1,5,28,4,0,0,0,1,1,1,0,bully_support,CAG,victim,OTH,ATK,DFN,NEG,0,0,1,0,0,0,0,0,0,0,0,0,1,0,0,0,0,0,0,0,0,0,0,0,0.95218784,0.0018383345,0.0035432996,0.0010036248,0.0026846996,0.00036825912,2.4710296e-05,0.00010836261,0.0006465036,6.676362e-05,3.564765e-05,0.026131805,FP,OK,FN,OK,OK,OK,OK,OK,OK,OK,OK,OK,2,0.1666666666666666,1.0,0.035602248242118,medium_error,1,1,4
Homophobie,97,on va pas de sa iciiiii merde,29,7,0,0,0,0,0,0,1,bully_support,OAG,victim,OTH,ATK,DFN,NEG,1,0,0,0,0,0,0,0,0,0,0,0,1,0,0,0,0,0,0,0,0,0,0,0,0.995001,0.001997508,0.0015812147,0.0010297329,0.0023325235,0.00033515258,2.544429e-05,0.00010696281,0.0005725076,8.615046e-05,3.36131e-05,0.0066592563,OK,OK,OK,OK,OK,OK,OK,OK,OK,OK,OK,OK,0,0.0,0.0,0.0,exact_match,1,1,4,29,7,0,0,0,0,0,0,1,bully_support,OAG,victim,OTH,ATK,DFN,NEG,0,0,0,0,0,0,0,0,0,0,0,0,1,0,0,0,0,0,0,0,0,0,0,0,0.995001,0.001997508,0.0015812147,0.0010297329,0.0023325235,0.00033515258,2.544429e-05,0.00010696281,0.0005725076,8.615046e-05,3.36131e-05,0.0066592563,FP,OK,OK,OK,OK,OK,OK,OK,OK,OK,OK,OK,1,0.0833333333333333,1.0,0.0033377107726985,low_error,0,0,0
Homophobie,102,c'est les homophobes qu'on dégage pas nous,42,7,0,0,0,1,0,0,0,victim,OAG,bully,NCG,DFN,,NEG,1,1,0,0,0,0,0,0,0,0,0,0,0,0,0,0,0,0,0,0,0,0,0,1,0.43024394,0.0005843811,0.00051318185,0.00030286913,0.00026353414,0.0001180048,9.2848226e-05,2.410323e-05,0.0002228426,2.0746831e-05,8.735051e-06,0.99941576,FN,FN,OK,OK,OK,OK,OK,OK,OK,OK,OK,FP,3,0.25,1.0,0.0300985342544526,medium_error,2,2,6,42,7,0,0,0,1,0,0,0,victim,OAG,bully,NCG,DFN,,NEG,0,0,0,0,0,0,0,0,0,0,0,0,0,0,0,0,0,0,0,0,0,0,0,1,0.43024394,0.0005843811,0.00051318185,0.00030286913,0.00026353414,0.0001180048,9.2848226e-05,2.410323e-05,0.0002228426,2.0746831e-05,8.735051e-06,0.99941576,OK,OK,OK,OK,OK,OK,OK,OK,OK,OK,OK,FP,1,0.0833333333333333,1.0,0.0156118729690739,low_error,0,0,0
Obésité,9,Oe pk tu parles,15,4,0,0,0,1,0,0,1,bully_support,OAG,victim_support,OTH,ATK,DFN,NEG,0,0,0,0,0,0,0,0,0,0,0,1,0,0,0,0,0,0,0,0,0,0,0,0,1.2567118e-05,1.499607e-06,9.0657295e-06,1.48584895e-05,2.4672174e-05,9.15935e-06,4.401722e-06,3.296576e-07,2.4454985e-07,1.1299819e-06,4.5821256e-08,3.3429387e-05,OK,OK,OK,OK,OK,OK,OK,OK,OK,OK,OK,FN,1,0.0833333333333333,1.0,0.0158248178439146,low_error,1,1,3,15,4,0,0,0,1,0,0,1,bully_support,OAG,victim_support,OTH,ATK,DFN,NEG,0,0,0,0,0,0,0,0,0,0,0,0,0,0,0,0,0,0,0,0,0,0,0,0,1.2567118e-05,1.499607e-06,9.0657295e-06,1.48584895e-05,2.4672174e-05,9.15935e-06,4.401722e-06,3.296576e-07,2.4454985e-07,1.1299819e-06,4.5821256e-08,3.3429387e-05,OK,OK,OK,OK,OK,OK,OK,OK,OK,OK,OK,OK,0,0.0,0.0,0.0,exact_match,0,0,0
Obésité,28,en quoi c drole,15,4,0,0,0,0,0,0,0,victim_support,NAG,,,DFN,ATK,NEU,0,0,0,0,0,0,0,0,0,0,0,0,0,0,1,0,0,0,0,0,0,0,0,0,4.389097e-05,4.748331e-05,0.8939162,0.0021573624,0.01296169,0.001186584,0.00013890752,3.1329288e-05,0.00017987633,0.00020403985,6.537931e-06,0.018678315,OK,OK,FP,OK,OK,OK,OK,OK,OK,OK,OK,OK,1,0.0833333333333333,1.0,0.0357523662399554,low_error,0,0,0,15,4,0,0,0,0,0,0,0,victim_support,NAG,,,DFN,ATK,NEU,0,0,1,0,0,0,0,0,0,0,0,0,0,0,1,0,0,0,0,0,0,0,0,0,4.389097e-05,4.748331e-05,0.8939162,0.0021573624,0.01296169,0.001186584,0.00013890752,3.1329288e-05,0.00017987633,0.00020403985,6.537931e-06,0.018678315,OK,OK,OK,OK,OK,OK,OK,OK,OK,OK,OK,OK,0,0.0,0.0,0.0,exact_match,1,1,4
Obésité,41,c sur que avec ton 4 de moyenne tu vas pas aller loin julien,60,14,0,1,0,1,0,0,0,victim_support,OAG,bully_support,OTH,DFN,ATK,NEG,1,0,0,0,0,0,0,0,0,0,0,0,0,0,0,0,0,0,0,0,0,0,0,0,2.3314997e-05,5.4982543e-06,2.2226634e-05,2.1419806e-05,2.8293942e-05,2.2669e-05,1.0447084e-05,1.0959474e-06,8.730459e-07,3.7727223e-06,1.8216001e-07,0.0005591708,FN,OK,OK,OK,OK,OK,OK,OK,OK,OK,OK,OK,1,0.0833333333333333,1.0,0.002781884404838,low_error,1,1,4,60,14,0,1,0,1,0,0,0,victim_support,OAG,bully_support,OTH,DFN,ATK,NEG,0,0,0,0,0,0,0,0,0,0,0,1,0,0,0,0,0,0,0,0,0,0,0,0,2.3314997e-05,5.4982543e-06,2.2226634e-05,2.1419806e-05,2.8293942e-05,2.2669e-05,1.0447084e-05,1.0959474e-06,8.730459e-07,3.7727223e-06,1.8216001e-07,0.0005591708,OK,OK,OK,OK,OK,OK,OK,OK,OK,OK,OK,FN,1,0.0833333333333333,1.0,0.0156118729690739,low_error,1,1,3
Obésité,48,bah revois tes sources tdc,26,5,0,0,1,1,1,1,0,bully_support,OAG,conciliator,DNG,ATK,DFN,NEG,1,1,0,0,0,0,0,0,0,0,0,0,0,0,0,0,0,0,0,0,0,0,0,0,1.27822195e-05,1.7783966e-06,1.1791174e-05,1.3656537e-05,2.7355512e-05,1.03637785e-05,5.203782e-06,4.0240008e-07,2.8542553e-07,1.4612674e-06,5.6994374e-08,3.524852e-05,FN,FN,OK,OK,OK,OK,OK,OK,OK,OK,OK,OK,2,0.1666666666666666,1.0,0.0142737164105379,medium_error,2,1,5,26,5,0,0,1,1,1,1,0,bully_support,OAG,conciliator,DNG,ATK,DFN,NEG,1,0,0,0,0,0,0,0,0,0,0,0,0,0,0,0,0,0,0,0,0,0,0,0,1.27822195e-05,1.7783966e-06,1.1791174e-05,1.3656537e-05,2.7355512e-05,1.03637785e-05,5.203782e-06,4.0240008e-07,2.8542553e-07,1.4612674e-06,5.6994374e-08,3.524852e-05,FN,OK,OK,OK,OK,OK,OK,OK,OK,OK,OK,OK,1,0.0833333333333333,1.0,0.0033377107726985,low_error,1,1,4
Obésité,54,faut le brusquer un peu le paul peut être ça lui fera commencer un régime mdr,77,16,0,0,0,1,0,1,0,bully,CAG,victim,DNG,ATK,OTH,NEG,1,0,1,0,0,0,0,0,0,0,0,0,0,0,0,0,0,0,0,0,0,0,0,1,0.06564707,0.0023655344,0.1466337,0.00022577791,0.00033123442,0.0008279394,2.8200518e-05,0.00016108205,0.001542919,0.00059958873,3.5013236e-05,0.8139092,FN,OK,FN,OK,OK,OK,OK,OK,OK,OK,OK,FP,3,0.25,1.0,0.0543590684887081,medium_error,2,2,6,77,16,0,0,0,1,0,1,0,bully,CAG,victim,DNG,ATK,OTH,NEG,1,0,0,0,0,0,0,0,0,0,0,0,0,0,0,0,0,0,0,0,0,0,0,1,0.06564707,0.0023655344,0.1466337,0.00022577791,0.00033123442,0.0008279394,2.8200518e-05,0.00016108205,0.001542919,0.00059958873,3.5013236e-05,0.8139092,FN,OK,OK,OK,OK,OK,OK,OK,OK,OK,OK,FP,2,0.1666666666666666,1.0,0.0189495837417725,medium_error,1,1,4
Obésité,57,mais en quoi flemme frere ta 2 clique à faire,45,10,0,1,0,0,1,0,0,victim_support,NAG,,,CNS,ATK,NEU,1,0,0,0,0,0,0,0,0,0,0,0,0,0,0,0,0,0,0,0,0,0,0,0,1.2844992e-05,2.5425404e-06,1.49673715e-05,1.2525431e-05,2.3249431e-05,1.396248e-05,6.275397e-06,5.2044146e-07,4.319577e-07,1.8938063e-06,7.4910695e-08,0.00022952553,FN,OK,OK,OK,OK,OK,OK,OK,OK,OK,OK,OK,1,0.0833333333333333,1.0,0.002781884404838,low_error,1,1,4,45,10,0,1,0,0,1,0,0,victim_support,NAG,,,CNS,ATK,NEU,0,0,0,0,0,0,0,0,0,0,0,1,0,0,0,0,0,0,0,0,0,0,0,0,1.2844992e-05,2.5425404e-06,1.49673715e-05,1.2525431e-05,2.3249431e-05,1.396248e-05,6.275397e-06,5.2044146e-07,4.319577e-07,1.8938063e-06,7.4910695e-08,0.00022952553,OK,OK,OK,OK,OK,OK,OK,OK,OK,OK,OK,FN,1,0.0833333333333333,1.0,0.0156118729690739,low_error,1,1,3
Obésité,58,enleve moi mon tel des mains si tu veux la supprime,51,11,0,0,0,0,0,0,0,bully_support,OAG,conciliator,THR,ATK,EMP,NEG,1,0,0,0,0,0,0,0,0,0,0,0,0,0,0,0,0,0,0,0,0,0,0,0,0.00015384365,1.0008165e-05,2.2670016e-05,4.9689937e-05,1.0328199e-05,3.3440963e-05,5.5882642e-06,1.1367697e-06,1.8226945e-06,2.9064556e-06,1.8668105e-07,0.0051551163,FN,OK,OK,OK,OK,OK,OK,OK,OK,OK,OK,OK,1,0.0833333333333333,1.0,0.002781884404838,low_error,1,1,4,51,11,0,0,0,0,0,0,0,bully_support,OAG,conciliator,THR,ATK,EMP,NEG,0,0,0,0,0,0,0,0,0,0,0,0,0,0,0,0,0,0,0,0,0,0,0,0,0.00015384365,1.0008165e-05,2.2670016e-05,4.9689937e-05,1.0328199e-05,3.3440963e-05,5.5882642e-06,1.1367697e-06,1.8226945e-06,2.9064556e-06,1.8668105e-07,0.0051551163,OK,OK,OK,OK,OK,OK,OK,OK,OK,OK,OK,OK,0,0.0,0.0,0.0,exact_match,0,0,0
Obésité,65,t'inquiète Paul tu n'est pas gros tu est bien,45,9,0,0,0,0,0,0,0,conciliator,NAG,,,EMP,,POS,0,0,0,1,0,0,0,0,0,0,0,1,0,0,0,1,0,0,0,0,0,0,0,0,0.00010136136,0.00017830497,0.0004722139,0.9991524,0.00012904698,0.0002069214,2.93171e-05,2.2046159e-05,0.00017712152,0.00020490157,8.607841e-06,0.0040111085,OK,OK,OK,OK,OK,OK,OK,OK,OK,OK,OK,FN,1,0.0833333333333333,0.5,0.0158248178439146,low_error,2,2,6,45,9,0,0,0,0,0,0,0,conciliator,NAG,,,EMP,,POS,0,0,0,0,0,1,0,0,0,0,0,1,0,0,0,1,0,0,0,0,0,0,0,0,0.00010136136,0.00017830497,0.0004722139,0.9991524,0.00012904698,0.0002069214,2.93171e-05,2.2046159e-05,0.00017712152,0.00020490157,8.607841e-06,0.0040111085,OK,OK,OK,FP,OK,FN,OK,OK,OK,OK,OK,FN,3,0.25,1.0,0.2086856507836083,medium_error,2,2,6
Obésité,74,parle pour toi,14,3,0,0,1,0,0,0,0,bully_support,OAG,conciliator,OTH,ATK,DFN,NEG,1,0,0,0,0,0,0,0,0,0,0,0,0,0,0,0,0,0,0,0,0,0,0,0,1.2982777e-05,1.5694493e-06,1.0133817e-05,1.2919182e-05,2.7528682e-05,1.0506763e-05,4.82723e-06,3.5712432e-07,2.5408556e-07,1.2095518e-06,4.9796025e-08,2.9024479e-05,FN,OK,OK,OK,OK,OK,OK,OK,OK,OK,OK,OK,1,0.0833333333333333,1.0,0.002781884404838,low_error,1,1,4,14,3,0,0,1,0,0,0,0,bully_support,OAG,conciliator,OTH,ATK,DFN,NEG,0,0,0,0,0,0,0,0,0,0,0,0,0,0,0,0,0,0,0,0,0,0,0,0,1.2982777e-05,1.5694493e-06,1.0133817e-05,1.2919182e-05,2.7528682e-05,1.0506763e-05,4.82723e-06,3.5712432e-07,2.5408556e-07,1.2095518e-06,4.9796025e-08,2.9024479e-05,OK,OK,OK,OK,OK,OK,OK,OK,OK,OK,OK,OK,0,0.0,0.0,0.0,exact_match,0,0,0
Obésité,75,mais frere on a besoin de 2 pokeflute pour te réveiller,55,11,0,1,1,1,0,0,0,victim_support,CAG,bully,DNG,DFN,ATK,NEG,1,1,0,0,0,0,0,0,0,0,0,0,0,0,0,0,0,0,0,0,0,0,0,0,1.239963e-05,2.3051314e-06,1.4738056e-05,1.3209489e-05,2.7304977e-05,1.5218838e-05,5.828529e-06,5.085329e-07,3.829277e-07,1.7209775e-06,7.295729e-08,8.11113e-05,FN,FN,OK,OK,OK,OK,OK,OK,OK,OK,OK,OK,2,0.1666666666666666,1.0,0.0142737164105379,medium_error,2,1,5,55,11,0,1,1,1,0,0,0,victim_support,CAG,bully,DNG,DFN,ATK,NEG,0,1,0,0,0,0,0,0,0,0,0,0,0,0,0,0,0,0,0,0,0,0,0,0,1.239963e-05,2.3051314e-06,1.4738056e-05,1.3209489e-05,2.7304977e-05,1.5218838e-05,5.828529e-06,5.085329e-07,3.829277e-07,1.7209775e-06,7.295729e-08,8.11113e-05,OK,FN,OK,OK,OK,OK,OK,OK,OK,OK,OK,OK,1,0.0833333333333333,1.0,0.0120992015510323,low_error,1,1,4
Obésité,87,ok stv mon sang,15,4,0,0,0,1,1,1,0,bully,CAG,conciliator,OTH,ATK,DFN,NEG,1,0,0,0,0,0,0,0,0,0,0,0,0,0,0,0,0,0,0,0,0,0,0,0,1.2412194e-05,1.827291e-06,1.2776807e-05,1.2348462e-05,3.35424e-05,1.1228713e-05,5.4270045e-06,4.1654505e-07,2.7877135e-07,1.5121427e-06,6.023091e-08,3.1759817e-05,FN,OK,OK,OK,OK,OK,OK,OK,OK,OK,OK,OK,1,0.0833333333333333,1.0,0.002781884404838,low_error,1,1,4,15,4,0,0,0,1,1,1,0,bully,CAG,conciliator,OTH,ATK,DFN,NEG,0,0,0,0,0,0,0,0,0,0,0,0,0,0,0,0,0,0,0,0,0,0,0,0,1.2412194e-05,1.827291e-06,1.2776807e-05,1.2348462e-05,3.35424e-05,1.1228713e-05,5.4270045e-06,4.1654505e-07,2.7877135e-07,1.5121427e-06,6.023091e-08,3.1759817e-05,OK,OK,OK,OK,OK,OK,OK,OK,OK,OK,OK,OK,0,0.0,0.0,0.0,exact_match,0,0,0
Obésité,88,Laisse tomber Josiane.. Ils sont cons ils entendent rien..,58,9,0,0,1,1,0,0,0,victim,OAG,bully,NCG,DFN,CR,NEG,1,0,0,0,0,1,0,0,0,0,0,1,1,0,0,0,0,0,0,0,0,0,0,0,0.9852213,0.015159506,0.0009357852,0.022943834,0.0008066822,0.020701984,1.3903868e-05,0.000555927,0.0020261875,0.000494524,0.00015041744,0.010721387,OK,OK,OK,OK,OK,FN,OK,OK,OK,OK,OK,FN,2,0.1666666666666666,0.6666666666666667,0.0847758098781144,medium_error,3,1,6,58,9,0,0,1,1,0,0,0,victim,OAG,bully,NCG,DFN,CR,NEG,1,0,0,0,0,1,0,0,0,0,0,0,1,0,0,0,0,0,0,0,0,0,0,0,0.9852213,0.015159506,0.0009357852,0.022943834,0.0008066822,0.020701984,1.3903868e-05,0.000555927,0.0020261875,0.000494524,0.00015041744,0.010721387,OK,OK,OK,OK,OK,FN,OK,OK,OK,OK,OK,OK,1,0.0833333333333333,0.5,0.0691382945773275,low_error,2,2,6
Obésité,91,alala c arabes,14,3,0,0,0,1,0,0,1,conciliator,CAG,bully_support,OTH,DFN,ATK,NEG,0,0,0,0,0,0,0,0,0,0,0,1,0,0,0,0,0,0,0,0,0,0,0,1,3.953632e-05,8.4877305e-05,0.0022173251,5.1554038e-05,0.00071259274,0.000102827296,0.0001033414,8.306742e-06,1.5587466e-05,4.298723e-05,2.8668665e-06,0.977371,OK,OK,OK,OK,OK,OK,OK,OK,OK,OK,OK,OK,0,0.0,0.0,0.0,exact_match,1,1,3,14,3,0,0,0,1,0,0,1,conciliator,CAG,bully_support,OTH,DFN,ATK,NEG,0,0,0,0,0,0,0,0,0,0,0,0,0,0,0,0,0,0,0,0,0,0,0,1,3.953632e-05,8.4877305e-05,0.0022173251,5.1554038e-05,0.00071259274,0.000102827296,0.0001033414,8.306742e-06,1.5587466e-05,4.298723e-05,2.8668665e-06,0.977371,OK,OK,OK,OK,OK,OK,OK,OK,OK,OK,OK,FP,1,0.0833333333333333,1.0,0.0156118729690739,low_error,0,0,0
Obésité,100,:') :'),7,2,0,0,0,0,0,0,0,bully_support,NAG,,,OTH,,NEU,0,0,1,0,0,0,0,0,0,0,0,0,0,0,0,0,0,0,0,0,0,0,0,0,1.2605131e-05,1.7461927e-06,1.0480353e-05,1.5544609e-05,2.5178337e-05,1.1383446e-05,4.797848e-06,3.956012e-07,2.9292937e-07,1.3280666e-06,5.519892e-08,3.6318244e-05,OK,OK,FN,OK,OK,OK,OK,OK,OK,OK,OK,OK,1,0.0833333333333333,1.0,0.0357523662399554,low_error,1,1,4,7,2,0,0,0,0,0,0,0,bully_support,NAG,,,OTH,,NEU,0,0,0,0,0,0,0,0,0,0,0,0,0,0,0,0,0,0,0,0,0,0,0,0,1.2605131e-05,1.7461927e-06,1.0480353e-05,1.5544609e-05,2.5178337e-05,1.1383446e-05,4.797848e-06,3.956012e-07,2.9292937e-07,1.3280666e-06,5.519892e-08,3.6318244e-05,OK,OK,OK,OK,OK,OK,OK,OK,OK,OK,OK,OK,0,0.0,0.0,0.0,exact_match,0,0,0
Obésité,109,un gros tas de graisse arabe,28,6,0,0,1,1,0,0,0,bully_support,OAG,victim,DNG,ATK,DFN,NEG,1,1,0,0,0,0,0,0,0,0,0,0,0,0,0,0,0,0,0,0,0,0,0,0,1.31929955e-05,1.8796136e-06,1.2348486e-05,1.2808186e-05,3.2089563e-05,1.1268836e-05,5.8155756e-06,4.410069e-07,3.0086224e-07,1.5534222e-06,6.337624e-08,3.146132e-05,FN,FN,OK,OK,OK,OK,OK,OK,OK,OK,OK,OK,2,0.1666666666666666,1.0,0.0142737164105379,medium_error,2,1,5,28,6,0,0,1,1,0,0,0,bully_support,OAG,victim,DNG,ATK,DFN,NEG,0,1,0,0,0,0,0,0,0,0,0,0,0,0,0,0,0,0,0,0,0,0,0,0,1.31929955e-05,1.8796136e-06,1.2348486e-05,1.2808186e-05,3.2089563e-05,1.1268836e-05,5.8155756e-06,4.410069e-07,3.0086224e-07,1.5534222e-06,6.337624e-08,3.146132e-05,OK,FN,OK,OK,OK,OK,OK,OK,OK,OK,OK,OK,1,0.0833333333333333,1.0,0.0120992015510323,low_error,1,1,4
Obésité,115,t'inquiète Paul ne répond pas,29,5,0,0,0,0,0,0,0,conciliator,NAG,,,EMP,ATK,POS,0,0,0,1,0,0,0,0,0,0,0,0,0,0,0,1,0,0,0,0,0,0,0,0,0.00012543531,9.130487e-05,0.0010262361,0.99994624,0.0004438161,0.0008127549,3.421758e-05,1.6993119e-05,0.00020667791,0.0002345277,6.4323294e-06,0.0007039483,OK,OK,OK,OK,OK,OK,OK,OK,OK,OK,OK,OK,0,0.0,0.0,0.0,exact_match,1,1,4,29,5,0,0,0,0,0,0,0,conciliator,NAG,,,EMP,ATK,POS,0,0,0,0,0,1,0,0,0,0,0,0,0,0,0,1,0,0,0,0,0,0,0,0,0.00012543531,9.130487e-05,0.0010262361,0.99994624,0.0004438161,0.0008127549,3.421758e-05,1.6993119e-05,0.00020667791,0.0002345277,6.4323294e-06,0.0007039483,OK,OK,OK,FP,OK,FN,OK,OK,OK,OK,OK,OK,2,0.1666666666666666,1.0,0.1930737778145344,medium_error,1,1,4
Obésité,122,bon les gars ça part loin là a croire c'est moi le gros porc de service,71,16,0,1,1,1,0,0,0,bully,OAG,victim,NCG,ATK,CNS,NEG,1,0,0,0,0,0,0,0,0,0,0,0,1,0,0,0,0,0,0,0,0,0,0,0,0.96527725,0.004377618,0.0014270487,0.0015064727,0.10828013,0.0007752788,4.9840044e-05,0.0002422074,0.0005228723,0.00014935213,0.00011406277,0.0068796347,OK,OK,OK,OK,OK,OK,OK,OK,OK,OK,OK,OK,0,0.0,0.0,0.0,exact_match,1,1,4,71,16,0,1,1,1,0,0,0,bully,OAG,victim,NCG,ATK,CNS,NEG,0,1,0,0,0,0,0,0,0,0,0,0,1,0,0,0,0,0,0,0,0,0,0,0,0.96527725,0.004377618,0.0014270487,0.0015064727,0.10828013,0.0007752788,4.9840044e-05,0.0002422074,0.0005228723,0.00014935213,0.00011406277,0.0068796347,FP,FN,OK,OK,OK,OK,OK,OK,OK,OK,OK,OK,2,0.1666666666666666,1.0,0.0154369123237308,medium_error,1,1,4
Obésité,132,mais cassez vous  d ici faut profiter de la vie,47,10,0,0,0,0,0,0,0,bully_support,OAG,conciliator,OTH,ATK,DFN,NEG,1,0,0,0,0,0,0,0,0,0,0,0,0,0,0,0,0,0,0,0,0,0,0,0,0.0002516823,4.228224e-05,0.0011074666,1.9440935e-05,1.504366e-05,7.499969e-05,5.441095e-06,2.6880662e-06,2.6722878e-06,1.6218824e-05,5.600219e-07,0.1377923,FN,OK,OK,OK,OK,OK,OK,OK,OK,OK,OK,OK,1,0.0833333333333333,1.0,0.002781884404838,low_error,1,1,4,47,10,0,0,0,0,0,0,0,bully_support,OAG,conciliator,OTH,ATK,DFN,NEG,0,0,1,0,0,0,0,0,0,0,0,0,0,0,0,0,0,0,0,0,0,0,0,0,0.0002516823,4.228224e-05,0.0011074666,1.9440935e-05,1.504366e-05,7.499969e-05,5.441095e-06,2.6880662e-06,2.6722878e-06,1.6218824e-05,5.600219e-07,0.1377923,OK,OK,FN,OK,OK,OK,OK,OK,OK,OK,OK,OK,1,0.0833333333333333,1.0,0.0322645374694195,low_error,1,1,4
Obésité,135,palala julien le philosophe,27,4,0,1,0,1,0,0,1,conciliator,CAG,bully_support,OTH,DFN,ATK,NEG,1,0,0,0,0,0,0,0,0,0,0,0,0,0,0,0,0,0,0,0,0,0,0,0,1.3143204e-05,1.6774311e-06,1.0985217e-05,1.240733e-05,2.9245251e-05,1.0029827e-05,5.080795e-06,3.7960183e-07,2.6608694e-07,1.3252882e-06,5.347605e-08,3.3157386e-05,FN,OK,OK,OK,OK,OK,OK,OK,OK,OK,OK,OK,1,0.0833333333333333,1.0,0.002781884404838,low_error,1,1,4,27,4,0,1,0,1,0,0,1,conciliator,CAG,bully_support,OTH,DFN,ATK,NEG,0,0,0,0,0,0,0,0,0,0,0,0,0,0,0,0,0,0,0,0,0,0,0,0,1.3143204e-05,1.6774311e-06,1.0985217e-05,1.240733e-05,2.9245251e-05,1.0029827e-05,5.080795e-06,3.7960183e-07,2.6608694e-07,1.3252882e-06,5.347605e-08,3.3157386e-05,OK,OK,OK,OK,OK,OK,OK,OK,OK,OK,OK,OK,0,0.0,0.0,0.0,exact_match,0,0,0
Obésité,142,je vais te pisser dessus et tu me diras si c amusant,52,12,0,1,0,1,0,0,0,victim_support,OAG,bully,OTH,DFN,ATK,NEG,1,0,0,0,0,0,0,0,0,0,0,0,0,0,1,0,0,0,0,0,0,0,0,0,0.015701955,0.003098969,0.99255353,0.042418253,0.00024231737,0.0024807989,0.0035267284,0.0024980465,0.34525287,0.021447401,0.00034904986,0.4795824,FN,OK,FP,OK,OK,OK,OK,OK,OK,OK,OK,OK,2,0.1666666666666666,1.0,0.0385342506447934,medium_error,1,2,5,52,12,0,1,0,1,0,0,0,victim_support,OAG,bully,OTH,DFN,ATK,NEG,1,0,0,0,0,0,0,0,0,0,0,1,0,0,1,0,0,0,0,0,0,0,0,0,0.015701955,0.003098969,0.99255353,0.042418253,0.00024231737,0.0024807989,0.0035267284,0.0024980465,0.34525287,0.021447401,0.00034904986,0.4795824,FN,OK,FP,OK,OK,OK,OK,OK,OK,OK,OK,FN,3,0.25,1.0,0.051214121211192,medium_error,2,2,6
Obésité,152,le muslim 2.0 se reveill eouhh attention !!,43,8,0,0,0,1,0,0,1,bully_support,OAG,victim_support,NCG,ATK,DFN,NEG,1,0,0,0,0,0,0,0,0,0,0,0,0,0,0,0,0,0,0,0,0,0,0,0,0.0007852543,0.001227281,0.38394263,0.0019076357,0.0017116374,0.00018625951,6.23611e-05,9.775809e-05,0.00023609912,0.00038392757,4.0730258e-05,0.2330275,FN,OK,OK,OK,OK,OK,OK,OK,OK,OK,OK,OK,1,0.0833333333333333,1.0,0.002781884404838,low_error,1,1,4,43,8,0,0,0,1,0,0,1,bully_support,OAG,victim_support,NCG,ATK,DFN,NEG,0,0,0,0,0,0,0,0,0,0,0,0,0,0,0,0,0,0,0,0,0,0,0,0,0.0007852543,0.001227281,0.38394263,0.0019076357,0.0017116374,0.00018625951,6.23611e-05,9.775809e-05,0.00023609912,0.00038392757,4.0730258e-05,0.2330275,OK,OK,OK,OK,OK,OK,OK,OK,OK,OK,OK,OK,0,0.0,0.0,0.0,exact_match,0,0,0
Obésité,171,suce,4,1,0,0,1,0,1,0,0,victim_support,OAG,bully,OTH,DFN,ATK,NEG,1,0,0,0,0,0,0,0,0,0,0,0,0,0,0,0,0,0,0,0,0,0,0,0,1.3917798e-05,1.7185174e-06,1.1069896e-05,1.4786059e-05,3.2864496e-05,1.082274e-05,5.1008165e-06,4.0137255e-07,2.686239e-07,1.3876072e-06,5.82729e-08,2.045353e-05,FN,OK,OK,OK,OK,OK,OK,OK,OK,OK,OK,OK,1,0.0833333333333333,1.0,0.002781884404838,low_error,1,1,4,4,1,0,0,1,0,1,0,0,victim_support,OAG,bully,OTH,DFN,ATK,NEG,0,0,0,0,0,0,0,0,0,0,0,1,0,0,0,0,0,0,0,0,0,0,0,0,1.3917798e-05,1.7185174e-06,1.1069896e-05,1.4786059e-05,3.2864496e-05,1.082274e-05,5.1008165e-06,4.0137255e-07,2.686239e-07,1.3876072e-06,5.82729e-08,2.045353e-05,OK,OK,OK,OK,OK,OK,OK,OK,OK,OK,OK,FN,1,0.0833333333333333,1.0,0.0156118729690739,low_error,1,1,3
Obésité,172,ma bite,7,2,0,0,1,1,1,0,0,bully_support,OAG,victim_support,OTH,ATK,DFN,NEG,1,0,0,0,0,0,0,0,0,0,0,0,0,0,0,0,0,0,0,0,0,0,0,0,1.2506824e-05,1.879637e-06,1.1947936e-05,1.3340721e-05,3.3007153e-05,1.1341294e-05,5.820597e-06,4.3971173e-07,2.9754997e-07,1.5628282e-06,6.366119e-08,3.2004144e-05,FN,OK,OK,OK,OK,OK,OK,OK,OK,OK,OK,OK,1,0.0833333333333333,1.0,0.002781884404838,low_error,1,1,4,7,2,0,0,1,1,1,0,0,bully_support,OAG,victim_support,OTH,ATK,DFN,NEG,0,0,0,0,0,0,0,0,0,0,0,0,0,0,0,0,0,0,0,0,0,0,0,0,1.2506824e-05,1.879637e-06,1.1947936e-05,1.3340721e-05,3.3007153e-05,1.1341294e-05,5.820597e-06,4.3971173e-07,2.9754997e-07,1.5628282e-06,6.366119e-08,3.2004144e-05,OK,OK,OK,OK,OK,OK,OK,OK,OK,OK,OK,OK,0,0.0,0.0,0.0,exact_match,0,0,0
Obésité,173,en écran sa insulte mais quand sa va devoir khallas sa va bégayer,65,13,0,0,1,0,0,0,0,conciliator,OAG,bully,OTH,DFN,,NEG,1,0,0,0,0,0,0,0,0,0,0,0,0,0,0,0,0,0,0,0,1,0,0,0,0.17504144,0.03320122,0.01877008,0.034097936,0.001039108,0.11767447,0.06907993,0.06894107,0.9405426,0.019182116,0.007991453,0.024325311,FN,OK,OK,OK,OK,OK,OK,OK,FP,OK,OK,OK,2,0.1666666666666666,1.0,0.1263816140436083,medium_error,1,1,4,65,13,0,0,1,0,0,0,0,conciliator,OAG,bully,OTH,DFN,,NEG,1,0,0,0,0,0,0,0,1,0,0,0,0,0,0,0,0,0,0,0,1,0,0,0,0.17504144,0.03320122,0.01877008,0.034097936,0.001039108,0.11767447,0.06907993,0.06894107,0.9405426,0.019182116,0.007991453,0.024325311,FN,OK,OK,OK,OK,OK,OK,OK,OK,OK,OK,OK,1,0.0833333333333333,0.5,0.0033377107726985,low_error,2,2,7
Obésité,177,bah il avait qu'a pas se goiffrer selena,40,8,0,0,0,1,1,0,0,bully,CAG,victim,OTH,ATK,,NEG,1,0,0,0,0,0,0,0,0,0,0,1,1,0,0,0,0,0,0,0,0,0,0,0,0.85344213,0.013217677,0.0015896829,0.00021088828,0.00030474484,0.00075708114,0.00015894265,0.0009266007,0.0049078083,0.00051380956,0.00023785651,0.42574838,OK,OK,OK,OK,OK,OK,OK,OK,OK,OK,OK,FN,1,0.0833333333333333,0.5,0.0158248178439146,low_error,2,1,5,40,8,0,0,0,1,1,0,0,bully,CAG,victim,OTH,ATK,,NEG,0,0,0,0,0,0,0,0,0,0,0,1,1,0,0,0,0,0,0,0,0,0,0,0,0.85344213,0.013217677,0.0015896829,0.00021088828,0.00030474484,0.00075708114,0.00015894265,0.0009266007,0.0049078083,0.00051380956,0.00023785651,0.42574838,FP,OK,OK,OK,OK,OK,OK,OK,OK,OK,OK,FN,2,0.1666666666666666,1.0,0.0189495837417725,medium_error,1,1,3
Obésité,180,100euro a celui qui arrt de parler,34,7,0,1,0,0,0,0,0,victim_support,NAG,,,CR,,NEU,1,0,0,0,0,0,0,0,0,0,0,0,0,0,0,0,0,0,0,0,0,0,0,0,1.3895756e-05,1.4729937e-06,1.0062246e-05,1.3851115e-05,2.787443e-05,9.6309695e-06,4.347674e-06,3.3136374e-07,2.3286336e-07,1.1383851e-06,4.64889e-08,2.0581103e-05,FN,OK,OK,OK,OK,OK,OK,OK,OK,OK,OK,OK,1,0.0833333333333333,1.0,0.002781884404838,low_error,1,1,4,34,7,0,1,0,0,0,0,0,victim_support,NAG,,,CR,,NEU,0,0,0,0,0,0,0,0,0,0,0,0,0,0,0,0,0,0,0,0,0,0,0,0,1.3895756e-05,1.4729937e-06,1.0062246e-05,1.3851115e-05,2.787443e-05,9.6309695e-06,4.347674e-06,3.3136374e-07,2.3286336e-07,1.1383851e-06,4.64889e-08,2.0581103e-05,OK,OK,OK,OK,OK,OK,OK,OK,OK,OK,OK,OK,0,0.0,0.0,0.0,exact_match,0,0,0
Obésité,185,mais arrêter de défendre paul et voyais la vérité c un tas de graisse qui mange les plats des autres tous les soirs c mérité,124,25,0,0,1,1,0,0,0,bully_support,OAG,victim,OTH,ATK,CNS,NEG,1,1,0,0,0,0,0,0,0,0,0,0,0,0,0,0,0,0,0,0,0,0,0,0,1.2856218e-05,1.9151214e-06,1.1782598e-05,1.3332938e-05,2.6224308e-05,1.14003615e-05,5.3704935e-06,4.273024e-07,3.0961792e-07,1.4987762e-06,6.039403e-08,4.6701687e-05,FN,FN,OK,OK,OK,OK,OK,OK,OK,OK,OK,OK,2,0.1666666666666666,1.0,0.0142737164105379,medium_error,2,3,7,124,25,0,0,1,1,0,0,0,bully_support,OAG,victim,OTH,ATK,CNS,NEG,1,1,0,0,0,0,0,0,0,0,0,1,0,0,0,0,0,0,0,0,0,0,0,0,1.2856218e-05,1.9151214e-06,1.1782598e-05,1.3332938e-05,2.6224308e-05,1.14003615e-05,5.3704935e-06,4.273024e-07,3.0961792e-07,1.4987762e-06,6.039403e-08,4.6701687e-05,FN,FN,OK,OK,OK,OK,OK,OK,OK,OK,OK,FN,3,0.25,1.0,0.0310487852928048,medium_error,3,2,7
Obésité,188,et toi t'as la peau sur les os,30,8,0,0,0,0,0,0,0,victim_support,NAG,,,DFN,ATK,NEG,1,0,0,0,0,0,0,0,0,0,0,0,0,0,0,0,0,0,0,0,0,0,0,0,1.228084e-05,1.8016864e-06,1.0645332e-05,1.3320697e-05,2.5706504e-05,1.0122227e-05,5.192955e-06,3.9025392e-07,2.9081613e-07,1.4064295e-06,5.500544e-08,6.48105e-05,FN,OK,OK,OK,OK,OK,OK,OK,OK,OK,OK,OK,1,0.0833333333333333,1.0,0.002781884404838,low_error,1,1,4,30,8,0,0,0,0,0,0,0,victim_support,NAG,,,DFN,ATK,NEG,0,0,0,0,0,0,0,0,0,0,0,1,0,0,0,0,0,0,0,0,0,0,0,0,1.228084e-05,1.8016864e-06,1.0645332e-05,1.3320697e-05,2.5706504e-05,1.0122227e-05,5.192955e-06,3.9025392e-07,2.9081613e-07,1.4064295e-06,5.500544e-08,6.48105e-05,OK,OK,OK,OK,OK,OK,OK,OK,OK,OK,OK,FN,1,0.0833333333333333,1.0,0.0156118729690739,low_error,1,1,3
Obésité,196,je vais aller la detrrer,24,5,0,0,1,1,0,0,0,bully_support,OAG,victim_support,THR,ATK,DFN,NEG,1,0,0,0,0,0,0,0,0,0,0,0,0,0,0,0,0,0,0,0,0,0,0,0,1.3524286e-05,1.6154451e-06,1.0980106e-05,1.3619183e-05,2.5316203e-05,1.0642073e-05,4.713304e-06,3.6715477e-07,2.6309556e-07,1.2613349e-06,5.1124722e-08,2.6377229e-05,FN,OK,OK,OK,OK,OK,OK,OK,OK,OK,OK,OK,1,0.0833333333333333,1.0,0.002781884404838,low_error,1,1,4,24,5,0,0,1,1,0,0,0,bully_support,OAG,victim_support,THR,ATK,DFN,NEG,0,0,0,0,0,0,0,0,0,0,0,0,0,0,0,0,0,0,0,0,0,0,0,0,1.3524286e-05,1.6154451e-06,1.0980106e-05,1.3619183e-05,2.5316203e-05,1.0642073e-05,4.713304e-06,3.6715477e-07,2.6309556e-07,1.2613349e-06,5.1124722e-08,2.6377229e-05,OK,OK,OK,OK,OK,OK,OK,OK,OK,OK,OK,OK,0,0.0,0.0,0.0,exact_match,0,0,0
Obésité,215,mais elle veut quoi josianne la honte tu t appel comme ca deja,62,13,0,0,0,1,0,0,0,bully_support,OAG,conciliator,OTH,ATK,CR,NEG,1,0,0,0,0,0,0,0,1,0,0,0,0,0,0,0,0,0,0,0,1,0,0,0,0.3289715,0.035837173,0.003449484,0.064784124,0.0011467137,0.010497998,0.0028585354,0.023156626,0.7726642,0.023950383,0.0030152702,0.04120684,FN,OK,OK,OK,OK,OK,OK,OK,OK,OK,OK,OK,1,0.0833333333333333,0.5,0.002781884404838,low_error,2,2,7,62,13,0,0,0,1,0,0,0,bully_support,OAG,conciliator,OTH,ATK,CR,NEG,0,0,0,0,0,0,0,0,1,0,0,0,0,0,0,0,0,0,0,0,1,0,0,0,0.3289715,0.035837173,0.003449484,0.064784124,0.0011467137,0.010497998,0.0028585354,0.023156626,0.7726642,0.023950383,0.0030152702,0.04120684,OK,OK,OK,OK,OK,OK,OK,OK,OK,OK,OK,OK,0,0.0,0.0,0.0,exact_match,1,1,4
Obésité,219,et tu va faire quoi pierreon t a deja dit que ta religion menacer c pas bien et ca veut faire l imam avec nous,110,25,0,0,0,1,0,0,0,bully_support,OAG,conciliator,OTH,ATK,OTH,NEG,1,0,0,0,0,0,0,0,0,0,0,0,0,0,0,1,0,0,0,0,0,0,0,1,0.012003798,0.0004956177,0.0028564131,0.999603,0.001012021,0.000897041,0.00029779828,0.00010623348,0.007356673,0.00014102906,3.869135e-05,0.78241014,FN,OK,OK,FP,OK,OK,OK,OK,OK,OK,OK,FP,3,0.25,1.0,0.142206431887523,medium_error,1,2,5,110,25,0,0,0,1,0,0,0,bully_support,OAG,conciliator,OTH,ATK,OTH,NEG,1,0,0,0,0,0,0,0,0,0,0,1,0,0,0,1,0,0,0,0,0,0,0,1,0.012003798,0.0004956177,0.0028564131,0.999603,0.001012021,0.000897041,0.00029779828,0.00010623348,0.007356673,0.00014102906,3.869135e-05,0.78241014,FN,OK,OK,FP,OK,OK,OK,OK,OK,OK,OK,OK,2,0.1666666666666666,0.6666666666666667,0.1272731940099054,medium_error,2,2,6
Obésité,222,Mais il vous faut quoi pour vous faire comprendre que j'ai pas choisi d'être comme ça !,87,17,0,0,0,0,0,0,0,victim,NAG,,,DFN,ATK,NEG,1,0,0,0,0,1,0,0,0,0,0,0,0,0,0,0,0,0,0,0,0,0,0,0,0.3769253,0.00039663794,7.965606e-05,8.061194e-05,0.00042656576,6.6763685e-05,2.8293996e-05,3.074738e-05,4.3855318e-05,2.4071323e-05,8.915882e-06,0.0041604615,FN,OK,OK,OK,OK,FN,OK,OK,OK,OK,OK,OK,2,0.1666666666666666,1.0,0.0717328764390377,medium_error,2,1,5,87,17,0,0,0,0,0,0,0,victim,NAG,,,DFN,ATK,NEG,1,0,0,0,0,0,0,0,0,0,0,0,0,0,0,0,0,0,0,0,0,0,0,0,0.3769253,0.00039663794,7.965606e-05,8.061194e-05,0.00042656576,6.6763685e-05,2.8293996e-05,3.074738e-05,4.3855318e-05,2.4071323e-05,8.915882e-06,0.0041604615,FN,OK,OK,OK,OK,OK,OK,OK,OK,OK,OK,OK,1,0.0833333333333333,1.0,0.0033377107726985,low_error,1,1,4
Obésité,224,j'avoue pas ouf le blaze,24,5,0,0,0,1,1,0,0,bully,OAG,victim,DNG,ATK,DFN,NEG,0,1,0,0,0,0,0,0,0,0,0,0,0,0,0,0,0,0,0,0,0,0,0,0,0.17117223,0.007759174,0.04074354,0.0002809592,9.681683e-05,0.00054648897,0.00024395702,0.0012967853,0.026308717,0.010795235,0.00019288459,0.3146366,OK,FN,OK,OK,OK,OK,OK,OK,OK,OK,OK,OK,1,0.0833333333333333,1.0,0.0114918320056999,low_error,1,1,4,24,5,0,0,0,1,1,0,0,bully,OAG,victim,DNG,ATK,DFN,NEG,0,0,0,0,0,0,0,0,0,0,0,0,0,0,0,0,0,0,0,0,0,0,0,0,0.17117223,0.007759174,0.04074354,0.0002809592,9.681683e-05,0.00054648897,0.00024395702,0.0012967853,0.026308717,0.010795235,0.00019288459,0.3146366,OK,OK,OK,OK,OK,OK,OK,OK,OK,OK,OK,OK,0,0.0,0.0,0.0,exact_match,0,0,0
Obésité,234,pk tu parle de ton frrr pierre ?,32,8,0,0,0,1,1,0,0,bully_support,OAG,conciliator,OTH,ATK,DFN,NEG,1,0,0,0,0,0,0,0,0,0,0,0,0,0,0,0,0,0,0,0,0,0,0,1,0.15478553,0.00016794281,5.0990486e-05,8.350384e-05,7.047174e-05,4.84112e-05,0.00013000317,1.3270613e-05,7.7961835e-05,1.8473238e-05,3.30502e-06,0.9501236,FN,OK,OK,OK,OK,OK,OK,OK,OK,OK,OK,FP,2,0.1666666666666666,1.0,0.0186067022487527,medium_error,1,1,4,32,8,0,0,0,1,1,0,0,bully_support,OAG,conciliator,OTH,ATK,DFN,NEG,0,0,0,0,0,0,0,0,0,0,0,0,0,0,0,0,0,0,0,0,0,0,0,1,0.15478553,0.00016794281,5.0990486e-05,8.350384e-05,7.047174e-05,4.84112e-05,0.00013000317,1.3270613e-05,7.7961835e-05,1.8473238e-05,3.30502e-06,0.9501236,OK,OK,OK,OK,OK,OK,OK,OK,OK,OK,OK,FP,1,0.0833333333333333,1.0,0.0156118729690739,low_error,0,0,0
Obésité,240,tg julien jparle de ta mere,27,6,0,0,1,0,0,1,0,conciliator,OAG,bully_support,OTH,DFN,ATK,NEG,1,0,0,0,0,0,0,0,0,0,0,0,0,0,0,0,0,0,0,0,0,0,0,0,1.4139436e-05,1.8288042e-06,1.1263861e-05,1.5181452e-05,2.2136917e-05,1.0966031e-05,5.056944e-06,4.0911053e-07,3.0562492e-07,1.4012297e-06,5.7196498e-08,3.863247e-05,FN,OK,OK,OK,OK,OK,OK,OK,OK,OK,OK,OK,1,0.0833333333333333,1.0,0.002781884404838,low_error,1,1,4,27,6,0,0,1,0,0,1,0,conciliator,OAG,bully_support,OTH,DFN,ATK,NEG,1,0,0,0,0,0,0,0,0,0,0,1,0,0,0,0,0,0,0,0,0,0,0,0,1.4139436e-05,1.8288042e-06,1.1263861e-05,1.5181452e-05,2.2136917e-05,1.0966031e-05,5.056944e-06,4.0911053e-07,3.0562492e-07,1.4012297e-06,5.7196498e-08,3.863247e-05,FN,OK,OK,OK,OK,OK,OK,OK,OK,OK,OK,FN,2,0.1666666666666666,1.0,0.0189495837417725,medium_error,2,1,5
Obésité,242,t as tellement de bonne répartie Julien mdr:') :') :'),54,10,0,1,0,1,0,0,0,victim_support,CAG,bully_support,OTH,DFN,ATK,NEG,1,0,0,0,0,0,0,0,0,0,0,0,0,0,0,0,0,0,0,0,0,0,0,0,0.28282997,0.010953107,0.010921018,0.0025250292,0.00017933,0.00084090175,0.00016672826,0.0013283367,0.020601207,0.005096055,0.00027786294,0.115528226,FN,OK,OK,OK,OK,OK,OK,OK,OK,OK,OK,OK,1,0.0833333333333333,1.0,0.002781884404838,low_error,1,1,4,54,10,0,1,0,1,0,0,0,victim_support,CAG,bully_support,OTH,DFN,ATK,NEG,0,0,0,0,0,0,0,0,0,0,0,0,0,0,0,0,0,0,0,0,0,0,0,0,0.28282997,0.010953107,0.010921018,0.0025250292,0.00017933,0.00084090175,0.00016672826,0.0013283367,0.020601207,0.005096055,0.00027786294,0.115528226,OK,OK,OK,OK,OK,OK,OK,OK,OK,OK,OK,OK,0,0.0,0.0,0.0,exact_match,0,0,0
Obésité,245,parce que ton daron est parti acheté du lait,44,9,0,0,1,1,0,0,0,victim_support,CAG,bully_support,OTH,DFN,AIN,NEG,1,0,0,0,0,0,0,0,0,0,0,0,0,0,0,0,0,0,0,0,0,0,0,0,1.2383747e-05,1.7311703e-06,1.1766788e-05,1.348799e-05,2.7466665e-05,1.0920842e-05,5.0459407e-06,3.9327534e-07,2.8002586e-07,1.3895909e-06,5.5392356e-08,3.5069876e-05,FN,OK,OK,OK,OK,OK,OK,OK,OK,OK,OK,OK,1,0.0833333333333333,1.0,0.002781884404838,low_error,1,1,4,44,9,0,0,1,1,0,0,0,victim_support,CAG,bully_support,OTH,DFN,AIN,NEG,0,0,0,0,0,0,0,0,0,0,0,0,0,0,0,0,0,0,0,0,0,0,0,0,1.2383747e-05,1.7311703e-06,1.1766788e-05,1.348799e-05,2.7466665e-05,1.0920842e-05,5.0459407e-06,3.9327534e-07,2.8002586e-07,1.3895909e-06,5.5392356e-08,3.5069876e-05,OK,OK,OK,OK,OK,OK,OK,OK,OK,OK,OK,OK,0,0.0,0.0,0.0,exact_match,0,0,0
Obésité,253,tjrs nous les muslim persecute on seras les juifs de demain ici !,65,13,0,0,0,0,0,0,0,bully_support,OAG,victim,OTH,ATK,CNS,NEG,1,0,0,1,0,0,0,0,0,0,0,0,0,0,0,0,0,0,0,0,0,0,0,0,0.00023198791,3.153988e-05,0.0003071214,1.68029e-05,5.118316e-05,1.8818333e-05,1.2920538e-05,2.7652147e-06,3.4947168e-06,1.3756689e-05,6.4442753e-07,0.083936304,FN,OK,OK,FN,OK,OK,OK,OK,OK,OK,OK,OK,2,0.1666666666666666,1.0,0.1263816140436083,medium_error,2,2,6,65,13,0,0,0,0,0,0,0,bully_support,OAG,victim,OTH,ATK,CNS,NEG,1,0,0,0,0,0,0,0,0,0,0,0,0,0,0,0,0,0,0,0,0,0,0,0,0.00023198791,3.153988e-05,0.0003071214,1.68029e-05,5.118316e-05,1.8818333e-05,1.2920538e-05,2.7652147e-06,3.4947168e-06,1.3756689e-05,6.4442753e-07,0.083936304,FN,OK,OK,OK,OK,OK,OK,OK,OK,OK,OK,OK,1,0.0833333333333333,1.0,0.0033377107726985,low_error,1,2,5
Obésité,255,pas les religions stop,22,4,0,0,0,0,0,0,0,conciliator,NAG,,,DFN,ATK,NEG,1,0,0,0,0,0,0,0,0,0,0,0,0,0,0,0,0,0,0,0,0,0,0,0,1.4167847e-05,1.7352363e-06,1.1228983e-05,1.4605705e-05,3.1948737e-05,1.1074299e-05,5.0974127e-06,4.0022317e-07,2.656488e-07,1.3921774e-06,5.827078e-08,2.0543255e-05,FN,OK,OK,OK,OK,OK,OK,OK,OK,OK,OK,OK,1,0.0833333333333333,1.0,0.002781884404838,low_error,1,1,4,22,4,0,0,0,0,0,0,0,conciliator,NAG,,,DFN,ATK,NEG,0,0,0,0,0,0,0,0,0,0,0,0,0,0,0,0,0,0,0,0,0,0,0,0,1.4167847e-05,1.7352363e-06,1.1228983e-05,1.4605705e-05,3.1948737e-05,1.1074299e-05,5.0974127e-06,4.0022317e-07,2.656488e-07,1.3921774e-06,5.827078e-08,2.0543255e-05,OK,OK,OK,OK,OK,OK,OK,OK,OK,OK,OK,OK,0,0.0,0.0,0.0,exact_match,0,0,0
Obésité,265,meme le careme il y arrive pas ce gros porc bagra,49,11,0,0,1,1,0,0,0,bully_support,OAG,victim,NCG,AIN,ATK,NEG,1,1,0,0,0,0,0,0,0,0,0,0,0,0,0,0,0,0,0,0,0,0,0,0,1.3574163e-05,2.9853136e-06,1.95995e-05,1.2995672e-05,4.0172923e-05,1.4571952e-05,7.364258e-06,6.3923693e-07,4.3855172e-07,2.5164036e-06,1.00691906e-07,0.00010396579,FN,FN,OK,OK,OK,OK,OK,OK,OK,OK,OK,OK,2,0.1666666666666666,1.0,0.0142737164105379,medium_error,2,2,6,49,11,0,0,1,1,0,0,0,bully_support,OAG,victim,NCG,AIN,ATK,NEG,0,1,0,0,0,0,0,0,0,0,0,1,0,0,0,0,0,0,0,0,0,0,0,0,1.3574163e-05,2.9853136e-06,1.95995e-05,1.2995672e-05,4.0172923e-05,1.4571952e-05,7.364258e-06,6.3923693e-07,4.3855172e-07,2.5164036e-06,1.00691906e-07,0.00010396579,OK,FN,OK,OK,OK,OK,OK,OK,OK,OK,OK,FN,2,0.1666666666666666,1.0,0.0277110745201062,medium_error,2,2,6
Obésité,270,pas un peux casse,17,4,0,0,0,0,0,0,0,conciliator,NAG,,,DFN,ATK,NEU,1,0,0,0,0,0,0,0,0,0,0,0,0,0,0,0,0,0,0,0,0,0,0,0,1.2015066e-05,2.3937935e-06,1.4833614e-05,1.5951338e-05,3.3291668e-05,1.3197049e-05,6.342948e-06,5.419316e-07,3.8845195e-07,1.9760796e-06,8.1072116e-08,6.507984e-05,FN,OK,OK,OK,OK,OK,OK,OK,OK,OK,OK,OK,1,0.0833333333333333,1.0,0.002781884404838,low_error,1,1,4,17,4,0,0,0,0,0,0,0,conciliator,NAG,,,DFN,ATK,NEU,0,0,0,0,0,0,0,0,0,0,0,0,0,0,0,0,0,0,0,0,0,0,0,0,1.2015066e-05,2.3937935e-06,1.4833614e-05,1.5951338e-05,3.3291668e-05,1.3197049e-05,6.342948e-06,5.419316e-07,3.8845195e-07,1.9760796e-06,8.1072116e-08,6.507984e-05,OK,OK,OK,OK,OK,OK,OK,OK,OK,OK,OK,OK,0,0.0,0.0,0.0,exact_match,0,0,0
Obésité,275,mais paul tes un peut envelopper mais c'est pas bien Brice de se moquer ou autre,80,16,0,0,0,0,0,0,0,conciliator,NAG,,,CNS,ATK,NEU,1,0,0,0,0,0,0,0,0,0,0,0,1,0,0,0,0,0,0,0,0,0,0,1,0.9359129,0.014503184,0.0013118141,0.0020493886,0.0002742326,0.00035678045,0.00034955356,0.0011669287,0.03213991,0.00085450197,0.00025495514,0.9314237,OK,OK,OK,OK,OK,OK,OK,OK,OK,OK,OK,FP,1,0.0833333333333333,0.5,0.0158248178439146,low_error,1,1,4,80,16,0,0,0,0,0,0,0,conciliator,NAG,,,CNS,ATK,NEU,0,1,0,0,0,0,0,0,0,0,0,1,1,0,0,0,0,0,0,0,0,0,0,1,0.9359129,0.014503184,0.0013118141,0.0020493886,0.0002742326,0.00035678045,0.00034955356,0.0011669287,0.03213991,0.00085450197,0.00025495514,0.9314237,FP,FN,OK,OK,OK,OK,OK,OK,OK,OK,OK,OK,2,0.1666666666666666,0.6666666666666667,0.0154369123237308,medium_error,2,1,5
Obésité,276,selena t pas drole mv,21,5,0,1,0,1,1,1,0,bully_support,OAG,victim_support,OTH,ATK,OTH,NEG,1,0,0,0,0,0,0,0,0,0,0,0,0,0,1,0,0,0,0,0,0,0,0,0,0.0054782196,0.00063378044,0.9927504,0.0027576275,0.0024031308,0.0030405803,2.3212811e-05,0.00019794796,0.005298802,0.0016116966,2.6223683e-05,0.021695804,FN,OK,FP,OK,OK,OK,OK,OK,OK,OK,OK,OK,2,0.1666666666666666,1.0,0.0385342506447934,medium_error,1,1,4,21,5,0,1,0,1,1,1,0,bully_support,OAG,victim_support,OTH,ATK,OTH,NEG,0,0,0,0,0,0,0,0,0,0,0,0,0,0,1,0,0,0,0,0,0,0,0,0,0.0054782196,0.00063378044,0.9927504,0.0027576275,0.0024031308,0.0030405803,2.3212811e-05,0.00019794796,0.005298802,0.0016116966,2.6223683e-05,0.021695804,OK,OK,FP,OK,OK,OK,OK,OK,OK,OK,OK,OK,1,0.0833333333333333,1.0,0.0322645374694195,low_error,0,0,0
Obésité,282,pierre sale clochard bouge tu pollue l air,42,8,0,0,1,1,0,0,0,bully_support,OAG,conciliator,DNG,ATK,OTH,NEG,1,1,0,0,0,0,0,0,0,0,0,0,0,0,0,0,0,0,0,0,0,0,0,0,1.3357628e-05,1.6028064e-06,1.1056729e-05,1.3052098e-05,3.198239e-05,1.0188033e-05,4.9394753e-06,3.693779e-07,2.499129e-07,1.3095397e-06,5.2566904e-08,2.2335165e-05,FN,FN,OK,OK,OK,OK,OK,OK,OK,OK,OK,OK,2,0.1666666666666666,1.0,0.0142737164105379,medium_error,2,1,5,42,8,0,0,1,1,0,0,0,bully_support,OAG,conciliator,DNG,ATK,OTH,NEG,0,1,0,0,0,0,0,0,0,0,0,1,0,0,0,0,0,0,0,0,0,0,0,0,1.3357628e-05,1.6028064e-06,1.1056729e-05,1.3052098e-05,3.198239e-05,1.0188033e-05,4.9394753e-06,3.693779e-07,2.499129e-07,1.3095397e-06,5.2566904e-08,2.2335165e-05,OK,FN,OK,OK,OK,OK,OK,OK,OK,OK,OK,FN,2,0.1666666666666666,1.0,0.0277110745201062,medium_error,2,1,5
Obésité,283,on se moque pas on est réaliste c tout,38,9,0,0,0,1,0,0,0,bully,NAG,,,OTH,,NEU,1,0,0,0,0,0,0,0,0,0,0,0,0,0,0,0,0,0,0,0,0,0,0,0,0.0009024548,3.8991227e-05,5.649028e-05,3.041364e-05,3.1513842e-05,2.9511015e-05,1.7632681e-05,3.5700966e-06,6.7563064e-06,8.0168165e-06,7.8297194e-07,0.27633032,FN,OK,OK,OK,OK,OK,OK,OK,OK,OK,OK,OK,1,0.0833333333333333,1.0,0.002781884404838,low_error,1,1,4,38,9,0,0,0,1,0,0,0,bully,NAG,,,OTH,,NEU,0,0,0,0,0,0,0,0,0,0,0,0,0,0,0,0,0,0,0,0,0,0,0,0,0.0009024548,3.8991227e-05,5.649028e-05,3.041364e-05,3.1513842e-05,2.9511015e-05,1.7632681e-05,3.5700966e-06,6.7563064e-06,8.0168165e-06,7.8297194e-07,0.27633032,OK,OK,OK,OK,OK,OK,OK,OK,OK,OK,OK,OK,0,0.0,0.0,0.0,exact_match,0,0,0
Obésité,285,nique ta mere fdp,17,4,0,0,1,0,1,1,0,conciliator,OAG,bully,OTH,DFN,OTH,NEG,1,0,0,0,0,0,0,0,0,0,0,0,0,0,0,0,0,0,0,0,0,0,0,0,1.3068738e-05,1.6573381e-06,1.14026125e-05,1.2873922e-05,3.222929e-05,1.0368236e-05,5.060191e-06,3.7684285e-07,2.5207794e-07,1.3462625e-06,5.413449e-08,2.5952007e-05,FN,OK,OK,OK,OK,OK,OK,OK,OK,OK,OK,OK,1,0.0833333333333333,1.0,0.002781884404838,low_error,1,1,4,17,4,0,0,1,0,1,1,0,conciliator,OAG,bully,OTH,DFN,OTH,NEG,1,0,0,0,0,0,0,0,0,0,0,1,0,0,0,0,0,0,0,0,0,0,0,0,1.3068738e-05,1.6573381e-06,1.14026125e-05,1.2873922e-05,3.222929e-05,1.0368236e-05,5.060191e-06,3.7684285e-07,2.5207794e-07,1.3462625e-06,5.413449e-08,2.5952007e-05,FN,OK,OK,OK,OK,OK,OK,OK,OK,OK,OK,FN,2,0.1666666666666666,1.0,0.0189495837417725,medium_error,2,1,5
Obésité,300,pierre ca sert a r de parler avec eux c'est des cons,52,12,0,0,1,1,0,0,0,conciliator,OAG,bully,NCG,EMP,EMP,NEG,1,0,0,0,0,0,0,0,0,0,0,1,0,0,0,0,0,0,0,0,0,0,0,0,0.0012650664,2.6711572e-05,0.00025635376,1.2642608e-05,1.7184917e-05,1.7274582e-05,8.223788e-06,2.6301655e-06,3.1574132e-06,1.1710266e-05,4.4798205e-07,0.0037207613,FN,OK,OK,OK,OK,OK,OK,OK,OK,OK,OK,FN,2,0.1666666666666666,1.0,0.0186067022487527,medium_error,2,1,5,52,12,0,0,1,1,0,0,0,conciliator,OAG,bully,NCG,EMP,EMP,NEG,1,0,0,0,0,0,0,0,0,0,0,0,0,0,0,0,0,0,0,0,0,0,0,0,0.0012650664,2.6711572e-05,0.00025635376,1.2642608e-05,1.7184917e-05,1.7274582e-05,8.223788e-06,2.6301655e-06,3.1574132e-06,1.1710266e-05,4.4798205e-07,0.0037207613,FN,OK,OK,OK,OK,OK,OK,OK,OK,OK,OK,OK,1,0.0833333333333333,1.0,0.0033377107726985,low_error,1,1,4
Obésité,303,non avec ta mere,16,4,0,0,1,0,0,0,0,victim_support,OAG,bully_support,OTH,DFN,ATK,NEG,1,0,0,0,0,0,0,0,0,0,0,0,0,0,0,0,0,0,0,0,0,0,0,0,1.2594989e-05,1.4356085e-06,9.642631e-06,1.3653254e-05,2.7989503e-05,9.663611e-06,4.3086516e-06,3.2238674e-07,2.2932443e-07,1.117531e-06,4.49027e-08,2.4264764e-05,FN,OK,OK,OK,OK,OK,OK,OK,OK,OK,OK,OK,1,0.0833333333333333,1.0,0.002781884404838,low_error,1,1,4,16,4,0,0,1,0,0,0,0,victim_support,OAG,bully_support,OTH,DFN,ATK,NEG,0,0,0,0,0,0,0,0,0,0,0,0,0,0,0,0,0,0,0,0,0,0,0,0,1.2594989e-05,1.4356085e-06,9.642631e-06,1.3653254e-05,2.7989503e-05,9.663611e-06,4.3086516e-06,3.2238674e-07,2.2932443e-07,1.117531e-06,4.49027e-08,2.4264764e-05,OK,OK,OK,OK,OK,OK,OK,OK,OK,OK,OK,OK,0,0.0,0.0,0.0,exact_match,0,0,0
Obésité,304,"tu sais brice tu te sentirais mieux si tassumais que tes adopté ,",65,13,0,0,0,0,0,0,0,conciliator,OAG,bully,OTH,DFN,ATK,NEG,0,0,0,0,0,0,0,0,0,0,0,1,0,0,0,0,0,0,0,0,0,0,0,0,0.0020205094,0.0031640204,0.005938983,0.000775425,2.8463302e-05,0.0004424352,0.0031420263,0.0013642268,0.005108325,0.0782078,0.00022170201,0.07930148,OK,OK,OK,OK,OK,OK,OK,OK,OK,OK,OK,FN,1,0.0833333333333333,1.0,0.0158248178439146,low_error,1,1,3,65,13,0,0,0,0,0,0,0,conciliator,OAG,bully,OTH,DFN,ATK,NEG,0,0,1,0,0,0,0,0,0,0,0,0,0,0,0,0,0,0,0,0,0,0,0,0,0.0020205094,0.0031640204,0.005938983,0.000775425,2.8463302e-05,0.0004424352,0.0031420263,0.0013642268,0.005108325,0.0782078,0.00022170201,0.07930148,OK,OK,FN,OK,OK,OK,OK,OK,OK,OK,OK,OK,1,0.0833333333333333,1.0,0.0322645374694195,low_error,1,1,4
Obésité,305,obsesé,6,1,0,0,1,1,1,0,0,victim_support,NAG,,,OTH,,NEG,1,0,0,0,0,0,0,0,0,0,0,0,0,0,0,0,0,0,0,0,0,0,0,0,1.3803382e-05,1.6199375e-06,1.029937e-05,1.4725116e-05,3.2054297e-05,1.054543e-05,4.793174e-06,3.7477636e-07,2.5451115e-07,1.2714204e-06,5.3913144e-08,2.0087276e-05,FN,OK,OK,OK,OK,OK,OK,OK,OK,OK,OK,OK,1,0.0833333333333333,1.0,0.002781884404838,low_error,1,1,4,6,1,0,0,1,1,1,0,0,victim_support,NAG,,,OTH,,NEG,0,0,0,0,0,0,0,0,0,0,0,0,0,0,0,0,0,0,0,0,0,0,0,0,1.3803382e-05,1.6199375e-06,1.029937e-05,1.4725116e-05,3.2054297e-05,1.054543e-05,4.793174e-06,3.7477636e-07,2.5451115e-07,1.2714204e-06,5.3913144e-08,2.0087276e-05,OK,OK,OK,OK,OK,OK,OK,OK,OK,OK,OK,OK,0,0.0,0.0,0.0,exact_match,0,0,0
Obésité,306,t pas drole thibaulte,21,4,0,0,0,1,0,0,0,bully_support,OAG,victim_support,OTH,ATK,DFN,NEG,1,0,0,0,0,0,0,0,0,0,0,0,0,0,1,0,0,0,0,0,0,0,0,0,0.0004244478,2.9221586e-05,0.96736646,0.00066933135,0.08067799,0.0010208971,0.00011510655,1.6569176e-05,6.2465435e-05,8.528889e-05,4.5256015e-06,0.0023491748,FN,OK,FP,OK,OK,OK,OK,OK,OK,OK,OK,OK,2,0.1666666666666666,1.0,0.0385342506447934,medium_error,1,1,4,21,4,0,0,0,1,0,0,0,bully_support,OAG,victim_support,OTH,ATK,DFN,NEG,1,0,1,0,0,0,0,0,0,0,0,0,0,0,1,0,0,0,0,0,0,0,0,0,0.0004244478,2.9221586e-05,0.96736646,0.00066933135,0.08067799,0.0010208971,0.00011510655,1.6569176e-05,6.2465435e-05,8.528889e-05,4.5256015e-06,0.0023491748,FN,OK,OK,OK,OK,OK,OK,OK,OK,OK,OK,OK,1,0.0833333333333333,0.5,0.0033377107726985,low_error,2,2,6
Obésité,310,ou ta mere marine,17,4,0,0,1,0,0,0,0,bully_support,CAG,conciliator,OTH,ATK,DFN,NEG,1,0,0,0,0,0,0,0,0,0,0,0,0,0,0,0,0,0,0,0,0,0,0,0,1.3754866e-05,1.4630523e-06,9.543535e-06,1.47636e-05,2.9794503e-05,9.521898e-06,4.523517e-06,3.3366948e-07,2.3233275e-07,1.1412645e-06,4.745919e-08,1.8416158e-05,FN,OK,OK,OK,OK,OK,OK,OK,OK,OK,OK,OK,1,0.0833333333333333,1.0,0.002781884404838,low_error,1,1,4,17,4,0,0,1,0,0,0,0,bully_support,CAG,conciliator,OTH,ATK,DFN,NEG,0,0,0,0,0,0,0,0,0,0,0,0,0,0,0,0,0,0,0,0,0,0,0,0,1.3754866e-05,1.4630523e-06,9.543535e-06,1.47636e-05,2.9794503e-05,9.521898e-06,4.523517e-06,3.3366948e-07,2.3233275e-07,1.1412645e-06,4.745919e-08,1.8416158e-05,OK,OK,OK,OK,OK,OK,OK,OK,OK,OK,OK,OK,0,0.0,0.0,0.0,exact_match,0,0,0
Obésité,311,et toi pierre que t pd,22,6,0,0,1,1,0,0,0,bully,OAG,conciliator,NCG,ATK,DFN,NEG,1,0,0,0,0,0,0,0,0,0,0,0,0,0,0,0,0,0,0,0,0,0,0,0,1.31829975e-05,1.7484457e-06,1.2292944e-05,1.3095748e-05,3.3073575e-05,1.018207e-05,5.1926777e-06,3.978235e-07,2.670005e-07,1.4564829e-06,5.7485458e-08,2.7171955e-05,FN,OK,OK,OK,OK,OK,OK,OK,OK,OK,OK,OK,1,0.0833333333333333,1.0,0.002781884404838,low_error,1,1,4,22,6,0,0,1,1,0,0,0,bully,OAG,conciliator,NCG,ATK,DFN,NEG,1,0,0,0,0,0,0,0,0,0,0,1,0,0,0,0,0,0,0,0,0,0,0,0,1.31829975e-05,1.7484457e-06,1.2292944e-05,1.3095748e-05,3.3073575e-05,1.018207e-05,5.1926777e-06,3.978235e-07,2.670005e-07,1.4564829e-06,5.7485458e-08,2.7171955e-05,FN,OK,OK,OK,OK,OK,OK,OK,OK,OK,OK,FN,2,0.1666666666666666,1.0,0.0189495837417725,medium_error,2,1,5
Obésité,313,retourne pas la situation brice de nice,39,7,0,0,1,1,0,0,0,victim_support,CAG,bully,OTH,DFN,ATK,NEG,1,0,0,0,0,0,0,0,0,0,0,0,0,0,0,0,0,0,0,0,0,0,0,0,1.2923803e-05,2.112403e-06,1.2209117e-05,1.4166712e-05,2.7154209e-05,1.34068505e-05,5.5154114e-06,4.7244328e-07,3.422112e-07,1.6304817e-06,6.772434e-08,5.645356e-05,FN,OK,OK,OK,OK,OK,OK,OK,OK,OK,OK,OK,1,0.0833333333333333,1.0,0.002781884404838,low_error,1,1,4,39,7,0,0,1,1,0,0,0,victim_support,CAG,bully,OTH,DFN,ATK,NEG,0,0,0,0,0,0,0,0,0,0,0,0,0,0,0,0,0,0,0,0,0,0,0,0,1.2923803e-05,2.112403e-06,1.2209117e-05,1.4166712e-05,2.7154209e-05,1.34068505e-05,5.5154114e-06,4.7244328e-07,3.422112e-07,1.6304817e-06,6.772434e-08,5.645356e-05,OK,OK,OK,OK,OK,OK,OK,OK,OK,OK,OK,OK,0,0.0,0.0,0.0,exact_match,0,0,0
Obésité,324,ah bah voila t bien pd julien,29,7,0,1,1,1,0,0,0,victim_support,OAG,bully_support,NCG,DFN,OTH,NEG,1,0,0,0,0,0,0,0,0,0,0,0,0,0,0,0,0,0,0,0,0,0,0,0,0.1977789,0.002076648,0.11778166,0.00014461354,0.000139807,6.488477e-05,7.29066e-05,0.00018327586,0.0010043125,0.00344231,4.5541092e-05,0.082860395,FN,OK,OK,OK,OK,OK,OK,OK,OK,OK,OK,OK,1,0.0833333333333333,1.0,0.002781884404838,low_error,1,1,4,29,7,0,1,1,1,0,0,0,victim_support,OAG,bully_support,NCG,DFN,OTH,NEG,0,0,0,0,0,0,0,0,0,0,0,1,0,0,0,0,0,0,0,0,0,0,0,0,0.1977789,0.002076648,0.11778166,0.00014461354,0.000139807,6.488477e-05,7.29066e-05,0.00018327586,0.0010043125,0.00344231,4.5541092e-05,0.082860395,OK,OK,OK,OK,OK,OK,OK,OK,OK,OK,OK,FN,1,0.0833333333333333,1.0,0.0156118729690739,low_error,1,1,3
Obésité,331,mais stop avec sa,17,4,0,0,0,0,0,0,0,conciliator,NAG,,,CR,ATK,NEU,1,0,0,0,0,0,0,0,0,0,0,0,0,0,0,0,0,0,0,0,0,0,0,0,1.3166035e-05,1.6093957e-06,1.0234797e-05,1.3573748e-05,2.781394e-05,1.0889548e-05,4.774742e-06,3.6790763e-07,2.599451e-07,1.2465863e-06,5.165174e-08,2.7066151e-05,FN,OK,OK,OK,OK,OK,OK,OK,OK,OK,OK,OK,1,0.0833333333333333,1.0,0.002781884404838,low_error,1,1,4,17,4,0,0,0,0,0,0,0,conciliator,NAG,,,CR,ATK,NEU,0,0,0,0,0,0,0,0,0,0,0,0,0,0,0,0,0,0,0,0,0,0,0,0,1.3166035e-05,1.6093957e-06,1.0234797e-05,1.3573748e-05,2.781394e-05,1.0889548e-05,4.774742e-06,3.6790763e-07,2.599451e-07,1.2465863e-06,5.165174e-08,2.7066151e-05,OK,OK,OK,OK,OK,OK,OK,OK,OK,OK,OK,OK,0,0.0,0.0,0.0,exact_match,0,0,0
Obésité,332,et ta mere une pute et elle le restera à vie brice,50,12,0,0,1,0,0,0,0,victim_support,OAG,bully,NCG,DFN,ATK,NEG,1,0,0,0,0,0,0,0,0,0,0,0,0,0,0,0,0,0,0,0,0,0,0,0,0.014333162,0.0014699516,0.0014938356,4.5234774e-05,8.5473395e-05,0.0016590765,4.1615345e-05,0.00019146252,0.0002541799,0.0009420562,3.2765198e-05,0.002831233,FN,OK,OK,OK,OK,OK,OK,OK,OK,OK,OK,OK,1,0.0833333333333333,1.0,0.002781884404838,low_error,1,1,4,50,12,0,0,1,0,0,0,0,victim_support,OAG,bully,NCG,DFN,ATK,NEG,1,0,0,0,0,0,0,0,0,0,0,1,0,0,0,0,0,0,0,0,0,0,0,0,0.014333162,0.0014699516,0.0014938356,4.5234774e-05,8.5473395e-05,0.0016590765,4.1615345e-05,0.00019146252,0.0002541799,0.0009420562,3.2765198e-05,0.002831233,FN,OK,OK,OK,OK,OK,OK,OK,OK,OK,OK,FN,2,0.1666666666666666,1.0,0.0189495837417725,medium_error,2,1,5
Obésité,333,brice t'es un gros con et tu le resteras à vie ;),49,12,0,0,1,1,0,0,0,victim,OAG,bully,NCG,DFN,ATK,NEG,1,0,0,0,0,0,0,0,0,0,0,0,1,0,0,0,0,0,0,0,0,0,0,0,0.9763222,0.009162736,0.0020705538,0.0011658303,0.0018671144,0.00040924002,0.00011670448,0.00067019946,0.0043265508,0.00094561186,0.00020399607,0.015001208,OK,OK,OK,OK,OK,OK,OK,OK,OK,OK,OK,OK,0,0.0,0.0,0.0,exact_match,1,1,4,49,12,0,0,1,1,0,0,0,victim,OAG,bully,NCG,DFN,ATK,NEG,0,1,0,0,0,0,0,0,0,0,0,0,1,0,0,0,0,0,0,0,0,0,0,0,0.9763222,0.009162736,0.0020705538,0.0011658303,0.0018671144,0.00040924002,0.00011670448,0.00067019946,0.0043265508,0.00094561186,0.00020399607,0.015001208,FP,FN,OK,OK,OK,OK,OK,OK,OK,OK,OK,OK,2,0.1666666666666666,1.0,0.0154369123237308,medium_error,1,1,4
Obésité,334,popopoooo bien envoyé julien,28,4,0,0,0,0,0,0,1,victim_support,CAG,bully_support,OTH,DFN,AIN,NEG,0,0,1,0,0,0,1,0,0,0,0,0,0,0,0,0,0,0,0,0,0,0,0,0,1.3115271e-05,2.6557839e-06,1.9034072e-05,1.0746775e-05,2.824606e-05,1.2436412e-05,6.8171075e-06,5.4903455e-07,4.2972582e-07,2.2192921e-06,8.155974e-08,0.00018874237,OK,OK,FN,OK,OK,OK,FN,OK,OK,OK,OK,OK,2,0.1666666666666666,1.0,0.1593520958787257,medium_error,2,1,6,28,4,0,0,0,0,0,0,1,victim_support,CAG,bully_support,OTH,DFN,AIN,NEG,0,0,1,0,0,0,0,0,0,0,0,0,0,0,0,0,0,0,0,0,0,0,0,0,1.3115271e-05,2.6557839e-06,1.9034072e-05,1.0746775e-05,2.824606e-05,1.2436412e-05,6.8171075e-06,5.4903455e-07,4.2972582e-07,2.2192921e-06,8.155974e-08,0.00018874237,OK,OK,FN,OK,OK,OK,OK,OK,OK,OK,OK,OK,1,0.0833333333333333,1.0,0.0322645374694195,low_error,1,1,4
Obésité,337,ma mère t'emmerde sale merde que t,34,7,0,0,1,1,0,0,0,bully,OAG,victim_support,DNG,ATK,DFN,NEG,1,1,0,0,0,0,0,0,0,0,0,0,1,0,0,0,0,0,0,0,0,0,0,0,0.9873684,0.0043853233,0.0016897017,0.0045175655,0.005225023,0.004881914,4.528929e-05,0.00040635339,0.004774785,0.00014473894,0.00010811088,0.010430827,OK,FN,OK,OK,OK,OK,OK,OK,OK,OK,OK,OK,1,0.0833333333333333,0.5,0.0114918320056999,low_error,2,1,5,34,7,0,0,1,1,0,0,0,bully,OAG,victim_support,DNG,ATK,DFN,NEG,1,1,0,0,0,0,0,0,0,0,0,1,1,0,0,0,0,0,0,0,0,0,0,0,0.9873684,0.0043853233,0.0016897017,0.0045175655,0.005225023,0.004881914,4.528929e-05,0.00040635339,0.004774785,0.00014473894,0.00010811088,0.010430827,OK,FN,OK,OK,OK,OK,OK,OK,OK,OK,OK,FN,2,0.1666666666666666,0.6666666666666667,0.0277110745201062,medium_error,3,1,6
Obésité,344,va dodo brice,13,3,0,0,0,1,1,0,0,victim_support,CAG,bully,OTH,OTH,OTH,NEG,1,0,0,0,0,0,0,0,0,0,0,0,0,0,0,0,0,0,0,0,0,0,0,0,1.2755843e-05,1.6375955e-06,1.0543167e-05,1.3337821e-05,2.889636e-05,1.0406066e-05,4.993179e-06,3.7475667e-07,2.6345785e-07,1.2957552e-06,5.2990913e-08,2.9504403e-05,FN,OK,OK,OK,OK,OK,OK,OK,OK,OK,OK,OK,1,0.0833333333333333,1.0,0.002781884404838,low_error,1,1,4,13,3,0,0,0,1,1,0,0,victim_support,CAG,bully,OTH,OTH,OTH,NEG,0,0,0,0,0,0,0,0,0,0,0,0,0,0,0,0,0,0,0,0,0,0,0,0,1.2755843e-05,1.6375955e-06,1.0543167e-05,1.3337821e-05,2.889636e-05,1.0406066e-05,4.993179e-06,3.7475667e-07,2.6345785e-07,1.2957552e-06,5.2990913e-08,2.9504403e-05,OK,OK,OK,OK,OK,OK,OK,OK,OK,OK,OK,OK,0,0.0,0.0,0.0,exact_match,0,0,0
Obésité,345,BRICE DE NICE ok jme tait,25,6,0,0,0,0,0,0,0,conciliator,NAG,,,CR,,NEG,0,0,0,0,0,0,0,0,0,0,0,1,0,0,0,0,0,0,0,0,0,0,0,1,0.00033750382,6.350996e-05,0.00028332014,7.81231e-05,2.0909667e-05,8.292647e-05,2.7127808e-05,5.9714384e-06,2.222608e-05,1.6130256e-05,1.1650321e-06,0.9079963,OK,OK,OK,OK,OK,OK,OK,OK,OK,OK,OK,OK,0,0.0,0.0,0.0,exact_match,1,1,3,25,6,0,0,0,0,0,0,0,conciliator,NAG,,,CR,,NEG,0,0,0,0,0,0,0,0,0,0,0,0,0,0,0,0,0,0,0,0,0,0,0,1,0.00033750382,6.350996e-05,0.00028332014,7.81231e-05,2.0909667e-05,8.292647e-05,2.7127808e-05,5.9714384e-06,2.222608e-05,1.6130256e-05,1.1650321e-06,0.9079963,OK,OK,OK,OK,OK,OK,OK,OK,OK,OK,OK,FP,1,0.0833333333333333,1.0,0.0156118729690739,low_error,0,0,0
Obésité,348,Et toi de te faire pousser quelques neuronnes julien.. Sérieux vous êtes même pas capable de voir que vous vous comportez comme des merde,137,24,0,1,1,1,0,0,1,victim,OAG,bully_support,NCG,DFN,ATK,NEG,1,1,0,0,0,0,0,0,0,0,0,1,1,0,0,0,0,0,0,0,0,0,0,0,0.9956436,0.0031663915,0.00047892414,0.0016661366,0.01847639,0.00075703603,3.820659e-05,0.00016769591,0.00056816253,8.671619e-05,6.316243e-05,0.0043614996,OK,FN,OK,OK,OK,OK,OK,OK,OK,OK,OK,FN,2,0.1666666666666666,0.6666666666666667,0.0273166498496146,medium_error,3,1,6,137,24,0,1,1,1,0,0,1,victim,OAG,bully_support,NCG,DFN,ATK,NEG,1,1,0,0,0,0,0,0,0,0,0,0,1,0,0,0,0,0,0,0,0,0,0,0,0.9956436,0.0031663915,0.00047892414,0.0016661366,0.01847639,0.00075703603,3.820659e-05,0.00016769591,0.00056816253,8.671619e-05,6.316243e-05,0.0043614996,OK,FN,OK,OK,OK,OK,OK,OK,OK,OK,OK,OK,1,0.0833333333333333,0.5,0.0120992015510323,low_error,2,1,5
Obésité,349,d'avoir pensé qu'un jour paul ppourrait arreter d'être énorme,61,9,0,0,0,1,0,0,0,bully,CAG,victim,DNG,ATK,DFN,NEG,1,1,0,0,0,0,0,0,0,0,0,0,0,0,0,0,0,0,0,0,0,0,0,0,1.1233963e-05,1.9195593e-06,1.0793518e-05,1.5658548e-05,2.2482429e-05,1.2022265e-05,4.9971522e-06,4.09308e-07,3.2939738e-07,1.4015465e-06,5.7220834e-08,9.7522425e-05,FN,FN,OK,OK,OK,OK,OK,OK,OK,OK,OK,OK,2,0.1666666666666666,1.0,0.0142737164105379,medium_error,2,1,5,61,9,0,0,0,1,0,0,0,bully,CAG,victim,DNG,ATK,DFN,NEG,0,1,0,0,0,0,0,0,0,0,0,0,0,0,0,0,0,0,0,0,0,0,0,0,1.1233963e-05,1.9195593e-06,1.0793518e-05,1.5658548e-05,2.2482429e-05,1.2022265e-05,4.9971522e-06,4.09308e-07,3.2939738e-07,1.4015465e-06,5.7220834e-08,9.7522425e-05,OK,FN,OK,OK,OK,OK,OK,OK,OK,OK,OK,OK,1,0.0833333333333333,1.0,0.0120992015510323,low_error,1,1,4
Obésité,354,excuser vous julien supprime la video jte passe des bonbons,59,10,0,0,0,0,0,0,0,conciliator,NAG,,,CR,,NEG,0,0,0,0,0,0,0,0,0,0,0,1,0,0,0,0,0,0,0,0,0,0,0,0,0.02472229,0.0014025358,0.03503902,5.1589595e-05,3.2184384e-05,0.000150131,2.1753482e-05,8.5737316e-05,0.000117845695,0.00038929033,1.784097e-05,0.06360189,OK,OK,OK,OK,OK,OK,OK,OK,OK,OK,OK,FN,1,0.0833333333333333,1.0,0.0158248178439146,low_error,1,1,3,59,10,0,0,0,0,0,0,0,conciliator,NAG,,,CR,,NEG,0,0,0,0,0,0,0,0,0,0,0,0,0,0,0,0,0,0,0,0,0,0,0,0,0.02472229,0.0014025358,0.03503902,5.1589595e-05,3.2184384e-05,0.000150131,2.1753482e-05,8.5737316e-05,0.000117845695,0.00038929033,1.784097e-05,0.06360189,OK,OK,OK,OK,OK,OK,OK,OK,OK,OK,OK,OK,0,0.0,0.0,0.0,exact_match,0,0,0
Obésité,362,d abord supprime la vidéo,25,5,0,0,0,0,0,0,0,victim_support,NAG,,,DFN,ATK,NEG,1,0,0,0,0,0,0,0,0,0,0,0,0,0,0,0,0,0,0,0,0,0,0,0,1.2542418e-05,2.06891e-06,1.5108718e-05,1.4340279e-05,2.8339471e-05,1.262633e-05,5.294114e-06,4.6316228e-07,3.224252e-07,1.7477838e-06,6.69075e-08,3.6601687e-05,FN,OK,OK,OK,OK,OK,OK,OK,OK,OK,OK,OK,1,0.0833333333333333,1.0,0.002781884404838,low_error,1,1,4,25,5,0,0,0,0,0,0,0,victim_support,NAG,,,DFN,ATK,NEG,0,0,0,0,0,0,0,0,0,0,0,0,0,0,0,0,0,0,0,0,0,0,0,0,1.2542418e-05,2.06891e-06,1.5108718e-05,1.4340279e-05,2.8339471e-05,1.262633e-05,5.294114e-06,4.6316228e-07,3.224252e-07,1.7477838e-06,6.69075e-08,3.6601687e-05,OK,OK,OK,OK,OK,OK,OK,OK,OK,OK,OK,OK,0,0.0,0.0,0.0,exact_match,0,0,0
Racisme,5,c'est pas dans son pays qu'elle en aura :') :'),47,10,0,1,0,1,0,0,0,bully_support,CAG,victim,DNG,AIN,ATK,NEG,0,0,1,0,0,0,0,0,0,0,0,1,1,0,0,0,0,0,0,0,0,0,0,0,0.51003456,0.001172574,2.2324626e-05,0.000104756335,8.17871e-05,0.026099253,1.5586216e-05,0.00011583591,0.00023281487,3.7401307e-05,1.9641733e-05,0.0043689148,FP,OK,FN,OK,OK,OK,OK,OK,OK,OK,OK,FN,3,0.25,1.0,0.0543590684887081,medium_error,2,2,6,47,10,0,1,0,1,0,0,0,bully_support,CAG,victim,DNG,AIN,ATK,NEG,0,0,0,0,0,0,0,0,0,0,0,0,1,0,0,0,0,0,0,0,0,0,0,0,0.51003456,0.001172574,2.2324626e-05,0.000104756335,8.17871e-05,0.026099253,1.5586216e-05,0.00011583591,0.00023281487,3.7401307e-05,1.9641733e-05,0.0043689148,FP,OK,OK,OK,OK,OK,OK,OK,OK,OK,OK,OK,1,0.0833333333333333,1.0,0.0033377107726985,low_error,0,0,0
Racisme,7,elle ira pas porter plainte,27,5,0,0,0,1,0,0,0,bully_support,OAG,victim,THR,ATK,CNS,NEG,0,0,0,0,0,0,0,0,0,0,0,1,0,0,0,0,0,0,0,0,0,0,0,0,1.5362208e-05,1.8658454e-06,1.1711562e-05,1.4095437e-05,2.6509773e-05,1.1305583e-05,5.2401065e-06,4.2400262e-07,2.9735992e-07,1.4215257e-06,6.039219e-08,2.8501492e-05,OK,OK,OK,OK,OK,OK,OK,OK,OK,OK,OK,FN,1,0.0833333333333333,1.0,0.0158248178439146,low_error,1,1,3,27,5,0,0,0,1,0,0,0,bully_support,OAG,victim,THR,ATK,CNS,NEG,0,0,0,0,0,0,0,0,0,0,0,0,0,0,0,0,0,0,0,0,0,0,0,0,1.5362208e-05,1.8658454e-06,1.1711562e-05,1.4095437e-05,2.6509773e-05,1.1305583e-05,5.2401065e-06,4.2400262e-07,2.9735992e-07,1.4215257e-06,6.039219e-08,2.8501492e-05,OK,OK,OK,OK,OK,OK,OK,OK,OK,OK,OK,OK,0,0.0,0.0,0.0,exact_match,0,0,0
Racisme,15,tkt je l'attendrais devant chez elle,36,6,0,0,0,0,0,1,0,bully_support,CAG,victim,THR,AIN,ATK,NEG,1,0,0,0,0,0,0,0,0,0,0,0,0,0,0,0,0,0,0,0,0,0,0,0,1.1786847e-05,1.7002852e-06,1.0841065e-05,1.3133169e-05,2.5320354e-05,1.0808135e-05,4.977974e-06,3.768152e-07,2.7858667e-07,1.3200118e-06,5.26951e-08,4.5641915e-05,FN,OK,OK,OK,OK,OK,OK,OK,OK,OK,OK,OK,1,0.0833333333333333,1.0,0.002781884404838,low_error,1,1,4,36,6,0,0,0,0,0,1,0,bully_support,CAG,victim,THR,AIN,ATK,NEG,0,0,0,0,0,0,0,0,0,0,0,0,0,0,0,0,0,0,0,0,0,0,0,0,1.1786847e-05,1.7002852e-06,1.0841065e-05,1.3133169e-05,2.5320354e-05,1.0808135e-05,4.977974e-06,3.768152e-07,2.7858667e-07,1.3200118e-06,5.26951e-08,4.5641915e-05,OK,OK,OK,OK,OK,OK,OK,OK,OK,OK,OK,OK,0,0.0,0.0,0.0,exact_match,0,0,0
Racisme,40,mais oui il fait le beau parceque t'es une gadjis mais devant un mec il ferra rien,82,17,0,0,0,1,0,0,0,victim_support,OAG,bully,NCG,DFN,ATK,NEG,1,0,0,0,0,0,0,0,0,0,0,0,1,0,0,0,0,0,0,0,0,0,0,0,0.9499691,0.011171228,0.009062999,0.000734337,0.0005589654,0.0014987128,2.6587704e-05,0.0005443912,0.0033427842,0.0007171483,0.00013176225,0.041491725,OK,OK,OK,OK,OK,OK,OK,OK,OK,OK,OK,OK,0,0.0,0.0,0.0,exact_match,1,1,4,82,17,0,0,0,1,0,0,0,victim_support,OAG,bully,NCG,DFN,ATK,NEG,0,0,0,0,0,0,0,0,0,0,0,0,1,0,0,0,0,0,0,0,0,0,0,0,0.9499691,0.011171228,0.009062999,0.000734337,0.0005589654,0.0014987128,2.6587704e-05,0.0005443912,0.0033427842,0.0007171483,0.00013176225,0.041491725,FP,OK,OK,OK,OK,OK,OK,OK,OK,OK,OK,OK,1,0.0833333333333333,1.0,0.0033377107726985,low_error,0,0,0
Racisme,54,j sui sur t es jamais allé a leglise hypocrite,46,10,0,0,1,1,0,0,0,victim,OAG,bully,NCG,DFN,ATK,NEG,1,1,0,0,0,0,0,0,0,0,0,0,0,0,0,0,0,0,0,0,0,0,0,0,0.0015921193,9.658281e-05,3.1957603e-05,5.3865984e-05,7.0467366e-05,9.096697e-05,3.967459e-05,1.4893417e-05,1.8048704e-05,1.8058381e-05,3.1809268e-06,0.0058620614,FN,FN,OK,OK,OK,OK,OK,OK,OK,OK,OK,OK,2,0.1666666666666666,1.0,0.0142737164105379,medium_error,2,1,5,46,10,0,0,1,1,0,0,0,victim,OAG,bully,NCG,DFN,ATK,NEG,0,1,0,0,0,0,0,0,0,0,0,0,0,0,0,0,0,0,0,0,0,0,0,0,0.0015921193,9.658281e-05,3.1957603e-05,5.3865984e-05,7.0467366e-05,9.096697e-05,3.967459e-05,1.4893417e-05,1.8048704e-05,1.8058381e-05,3.1809268e-06,0.0058620614,OK,FN,OK,OK,OK,OK,OK,OK,OK,OK,OK,OK,1,0.0833333333333333,1.0,0.0120992015510323,low_error,1,1,4
Racisme,73,elle va porter plainte,22,4,0,0,0,0,0,0,0,victim_support,NAG,,,CNS,ATK,NEU,1,0,0,0,0,0,0,0,0,0,0,0,0,0,0,0,0,0,0,0,0,0,0,0,1.8416771e-05,1.7161246e-06,1.128685e-05,1.3408e-05,2.3958302e-05,1.0387872e-05,4.919191e-06,3.867929e-07,2.734131e-07,1.2702665e-06,5.4353094e-08,2.1769443e-05,FN,OK,OK,OK,OK,OK,OK,OK,OK,OK,OK,OK,1,0.0833333333333333,1.0,0.002781884404838,low_error,1,1,4,22,4,0,0,0,0,0,0,0,victim_support,NAG,,,CNS,ATK,NEU,0,0,0,0,0,0,0,0,0,0,0,0,0,0,0,0,0,0,0,0,0,0,0,0,1.8416771e-05,1.7161246e-06,1.128685e-05,1.3408e-05,2.3958302e-05,1.0387872e-05,4.919191e-06,3.867929e-07,2.734131e-07,1.2702665e-06,5.4353094e-08,2.1769443e-05,OK,OK,OK,OK,OK,OK,OK,OK,OK,OK,OK,OK,0,0.0,0.0,0.0,exact_match,0,0,0
Racisme,114,ecrit francais et tu viendra me parler culture' mdrr,52,9,1,0,0,1,0,1,0,bully_support,OAG,victim_support,DNG,ATK,DFN,NEG,1,0,0,0,0,0,0,0,0,0,0,1,0,0,0,0,0,0,0,0,0,0,0,1,4.092954e-05,1.5003486e-05,0.00012959522,3.1173717e-05,2.832677e-05,2.9360805e-05,1.631306e-05,1.4662426e-06,4.0214563e-06,6.1235023e-06,2.9902324e-07,0.86413556,FN,OK,OK,OK,OK,OK,OK,OK,OK,OK,OK,OK,1,0.0833333333333333,0.5,0.002781884404838,low_error,2,1,5,52,9,1,0,0,1,0,1,0,bully_support,OAG,victim_support,DNG,ATK,DFN,NEG,1,0,0,0,0,0,0,0,0,0,0,0,0,0,0,0,0,0,0,0,0,0,0,1,4.092954e-05,1.5003486e-05,0.00012959522,3.1173717e-05,2.832677e-05,2.9360805e-05,1.631306e-05,1.4662426e-06,4.0214563e-06,6.1235023e-06,2.9902324e-07,0.86413556,FN,OK,OK,OK,OK,OK,OK,OK,OK,OK,OK,FP,2,0.1666666666666666,1.0,0.0189495837417725,medium_error,1,1,4
Racisme,116,voila sucide toi donc teresa ta bien ouvert ta guele pour rien,62,12,0,0,1,1,1,0,0,bully_support,OAG,victim,OTH,ATK,,NEG,1,0,0,0,0,0,0,0,0,0,0,1,0,0,0,0,0,0,0,0,0,0,0,0,7.4957155e-05,1.2274308e-05,6.716292e-05,2.6993257e-05,1.6544183e-05,3.515201e-05,1.1467082e-05,1.8507197e-06,2.2042927e-06,6.9884322e-06,3.0720025e-07,0.0035694542,FN,OK,OK,OK,OK,OK,OK,OK,OK,OK,OK,FN,2,0.1666666666666666,1.0,0.0186067022487527,medium_error,2,2,6,62,12,0,0,1,1,1,0,0,bully_support,OAG,victim,OTH,ATK,,NEG,1,0,0,0,0,0,0,0,0,0,0,0,0,0,0,0,0,0,0,0,0,0,0,0,7.4957155e-05,1.2274308e-05,6.716292e-05,2.6993257e-05,1.6544183e-05,3.515201e-05,1.1467082e-05,1.8507197e-06,2.2042927e-06,6.9884322e-06,3.0720025e-07,0.0035694542,FN,OK,OK,OK,OK,OK,OK,OK,OK,OK,OK,OK,1,0.0833333333333333,1.0,0.0033377107726985,low_error,1,1,4
Racisme,141,et tu venira en prison,22,5,0,0,0,0,0,0,0,victim_support,NAG,,,CNS,ATK,NEU,1,0,0,0,0,0,0,0,0,0,0,0,0,0,0,0,0,0,0,0,0,0,0,0,1.2873665e-05,1.5106624e-06,1.02377735e-05,1.3995982e-05,2.7245465e-05,1.0162299e-05,4.6420105e-06,3.4550786e-07,2.4417977e-07,1.2010687e-06,4.8404463e-08,2.3196877e-05,FN,OK,OK,OK,OK,OK,OK,OK,OK,OK,OK,OK,1,0.0833333333333333,1.0,0.002781884404838,low_error,1,1,4,22,5,0,0,0,0,0,0,0,victim_support,NAG,,,CNS,ATK,NEU,0,0,0,0,0,0,0,0,0,0,0,0,0,0,0,0,0,0,0,0,0,0,0,0,1.2873665e-05,1.5106624e-06,1.02377735e-05,1.3995982e-05,2.7245465e-05,1.0162299e-05,4.6420105e-06,3.4550786e-07,2.4417977e-07,1.2010687e-06,4.8404463e-08,2.3196877e-05,OK,OK,OK,OK,OK,OK,OK,OK,OK,OK,OK,OK,0,0.0,0.0,0.0,exact_match,0,0,0
Racisme,161,tu sais parler nicolas ? mdr,28,6,0,0,0,1,0,1,0,victim,CAG,bully_support,DNG,DFN,OTH,NEG,1,0,0,0,0,0,0,0,0,0,0,0,0,0,0,0,0,0,0,0,0,0,0,0,1.3432857e-05,4.8979664e-06,2.7611104e-05,1.9629842e-05,3.7804974e-05,2.1268996e-05,8.134066e-06,7.379306e-07,8.5768625e-07,2.678835e-06,1.2848781e-07,0.009874386,FN,OK,OK,OK,OK,OK,OK,OK,OK,OK,OK,OK,1,0.0833333333333333,1.0,0.002781884404838,low_error,1,1,4,28,6,0,0,0,1,0,1,0,victim,CAG,bully_support,DNG,DFN,OTH,NEG,0,0,0,0,0,0,0,0,0,0,0,0,0,0,0,0,0,0,0,0,0,0,0,0,1.3432857e-05,4.8979664e-06,2.7611104e-05,1.9629842e-05,3.7804974e-05,2.1268996e-05,8.134066e-06,7.379306e-07,8.5768625e-07,2.678835e-06,1.2848781e-07,0.009874386,OK,OK,OK,OK,OK,OK,OK,OK,OK,OK,OK,OK,0,0.0,0.0,0.0,exact_match,0,0,0
Racisme,170,parle pas,9,2,0,0,0,1,0,0,0,bully_support,OAG,victim,OTH,ATK,DFN,NEG,1,0,0,0,0,0,0,0,0,0,0,0,0,0,0,0,0,0,0,0,0,0,0,0,1.3317319e-05,2.1920503e-06,1.3167655e-05,1.8396604e-05,3.3991477e-05,1.4226038e-05,6.0359466e-06,5.038508e-07,3.5114164e-07,1.6988704e-06,7.5953636e-08,3.7949096e-05,FN,OK,OK,OK,OK,OK,OK,OK,OK,OK,OK,OK,1,0.0833333333333333,1.0,0.002781884404838,low_error,1,1,4,9,2,0,0,0,1,0,0,0,bully_support,OAG,victim,OTH,ATK,DFN,NEG,0,0,0,0,0,0,0,0,0,0,0,0,0,0,0,0,0,0,0,0,0,0,0,0,1.3317319e-05,2.1920503e-06,1.3167655e-05,1.8396604e-05,3.3991477e-05,1.4226038e-05,6.0359466e-06,5.038508e-07,3.5114164e-07,1.6988704e-06,7.5953636e-08,3.7949096e-05,OK,OK,OK,OK,OK,OK,OK,OK,OK,OK,OK,OK,0,0.0,0.0,0.0,exact_match,0,0,0
Racisme,181,tu peux pas savoir fat fat,26,6,0,0,0,1,0,0,0,bully_support,OAG,victim,DNG,ATK,DFN,NEG,1,1,0,0,0,0,0,0,0,0,0,0,0,0,0,0,0,0,0,0,0,0,0,0,1.2860927e-05,1.9434e-06,1.2072449e-05,1.2960868e-05,3.087334e-05,1.18153075e-05,5.8726737e-06,4.442615e-07,3.0475962e-07,1.58801e-06,6.407403e-08,4.2498632e-05,FN,FN,OK,OK,OK,OK,OK,OK,OK,OK,OK,OK,2,0.1666666666666666,1.0,0.0142737164105379,medium_error,2,1,5,26,6,0,0,0,1,0,0,0,bully_support,OAG,victim,DNG,ATK,DFN,NEG,0,0,0,0,0,0,0,0,0,0,0,0,0,0,0,0,0,0,0,0,0,0,0,0,1.2860927e-05,1.9434e-06,1.2072449e-05,1.2960868e-05,3.087334e-05,1.18153075e-05,5.8726737e-06,4.442615e-07,3.0475962e-07,1.58801e-06,6.407403e-08,4.2498632e-05,OK,OK,OK,OK,OK,OK,OK,OK,OK,OK,OK,OK,0,0.0,0.0,0.0,exact_match,0,0,0
Racisme,183,meme ton soutien se casse t'es seule,36,7,0,0,0,1,0,0,0,bully_support,OAG,victim,OTH,ATK,DFN,NEG,1,0,0,0,0,1,0,0,0,0,0,0,0,0,0,0,0,0,0,0,0,0,0,0,0.031466644,0.00037299664,0.000115563635,3.474276e-05,7.523787e-05,0.0008221564,1.23501695e-05,2.9645478e-05,4.0908348e-05,2.3659912e-05,5.8447654e-06,0.0057381196,FN,OK,OK,OK,OK,FN,OK,OK,OK,OK,OK,OK,2,0.1666666666666666,1.0,0.0717328764390377,medium_error,2,2,6,36,7,0,0,0,1,0,0,0,bully_support,OAG,victim,OTH,ATK,DFN,NEG,0,0,0,0,0,1,0,0,0,0,0,1,0,0,0,0,0,0,0,0,0,0,0,0,0.031466644,0.00037299664,0.000115563635,3.474276e-05,7.523787e-05,0.0008221564,1.23501695e-05,2.9645478e-05,4.0908348e-05,2.3659912e-05,5.8447654e-06,0.0057381196,OK,OK,OK,OK,OK,FN,OK,OK,OK,OK,OK,FN,2,0.1666666666666666,1.0,0.0847501675464015,medium_error,2,1,5
Racisme,186,et nous on te démarre,21,5,0,0,0,0,1,0,0,bully_support,OAG,victim,OTH,ATK,DFN,NEG,0,0,0,0,0,0,0,0,0,0,0,0,0,0,0,0,0,0,0,0,0,0,0,0,1.3844327e-05,1.9207753e-06,1.2105848e-05,1.4613661e-05,2.5836343e-05,1.2052432e-05,5.4235115e-06,4.44001e-07,3.1598213e-07,1.5155066e-06,6.313626e-08,3.236348e-05,OK,OK,OK,OK,OK,OK,OK,OK,OK,OK,OK,OK,0,0.0,0.0,0.0,exact_match,0,0,0,21,5,0,0,0,0,1,0,0,bully_support,OAG,victim,OTH,ATK,DFN,NEG,1,0,0,0,0,0,0,0,0,0,0,1,0,0,0,0,0,0,0,0,0,0,0,0,1.3844327e-05,1.9207753e-06,1.2105848e-05,1.4613661e-05,2.5836343e-05,1.2052432e-05,5.4235115e-06,4.44001e-07,3.1598213e-07,1.5155066e-06,6.313626e-08,3.236348e-05,FN,OK,OK,OK,OK,OK,OK,OK,OK,OK,OK,FN,2,0.1666666666666666,1.0,0.0189495837417725,medium_error,2,1,5
Racisme,189,vas y ciao les ploucs,21,5,0,0,1,1,0,0,0,victim,OAG,bully,NCG,DFN,,NEG,1,0,0,0,0,0,0,0,0,0,0,0,0,0,0,0,0,0,0,0,0,0,0,0,1.2910031e-05,1.6242489e-06,1.18983835e-05,1.1917155e-05,2.7479527e-05,1.0256625e-05,4.737621e-06,3.605564e-07,2.540136e-07,1.3017649e-06,5.044975e-08,3.069754e-05,FN,OK,OK,OK,OK,OK,OK,OK,OK,OK,OK,OK,1,0.0833333333333333,1.0,0.002781884404838,low_error,1,1,4,21,5,0,0,1,1,0,0,0,victim,OAG,bully,NCG,DFN,,NEG,0,0,0,0,0,0,0,0,0,0,0,0,0,0,0,0,0,0,0,0,0,0,0,0,1.2910031e-05,1.6242489e-06,1.18983835e-05,1.1917155e-05,2.7479527e-05,1.0256625e-05,4.737621e-06,3.605564e-07,2.540136e-07,1.3017649e-06,5.044975e-08,3.069754e-05,OK,OK,OK,OK,OK,OK,OK,OK,OK,OK,OK,OK,0,0.0,0.0,0.0,exact_match,0,0,0
Racisme,190," tkt t'auras son cul quand meme vu comment elle l'expose ""les ploucs"" mdrrrrrrrrrrrrrrrr",88,13,1,0,0,0,1,1,0,bully_support,OAG,victim,OTH,ATK,OTH,NEG,0,0,0,0,0,0,0,0,0,0,0,0,1,0,0,0,0,0,0,0,0,0,0,0,0.97102386,0.004508215,0.0017799303,0.0029498038,0.001978132,0.0005579561,5.226607e-05,0.00030622468,0.0025898914,0.00016224959,9.578668e-05,0.029406285,FP,OK,OK,OK,OK,OK,OK,OK,OK,OK,OK,OK,1,0.0833333333333333,1.0,0.002781884404838,low_error,0,0,0,88,13,1,0,0,0,1,1,0,bully_support,OAG,victim,OTH,ATK,OTH,NEG,0,0,1,0,0,0,0,0,0,0,0,0,1,0,0,0,0,0,0,0,0,0,0,0,0.97102386,0.004508215,0.0017799303,0.0029498038,0.001978132,0.0005579561,5.226607e-05,0.00030622468,0.0025898914,0.00016224959,9.578668e-05,0.029406285,FP,OK,FN,OK,OK,OK,OK,OK,OK,OK,OK,OK,2,0.1666666666666666,1.0,0.035602248242118,medium_error,1,1,4
Racisme,197,<3,2,1,0,0,0,0,0,0,0,victim_support,NAG,,,OTH,GSL,NEU,0,0,0,0,0,0,0,0,0,0,0,1,0,0,0,0,0,0,0,0,0,0,0,0,1.2359419e-05,1.5792746e-06,1.0550389e-05,1.3882855e-05,3.1761483e-05,1.0549785e-05,4.827129e-06,3.6550335e-07,2.504251e-07,1.2808962e-06,5.2034117e-08,2.310922e-05,OK,OK,OK,OK,OK,OK,OK,OK,OK,OK,OK,FN,1,0.0833333333333333,1.0,0.0158248178439146,low_error,1,1,3,2,1,0,0,0,0,0,0,0,victim_support,NAG,,,OTH,GSL,NEU,0,0,0,0,0,0,0,0,0,0,0,0,0,0,0,0,0,0,0,0,0,0,0,0,1.2359419e-05,1.5792746e-06,1.0550389e-05,1.3882855e-05,3.1761483e-05,1.0549785e-05,4.827129e-06,3.6550335e-07,2.504251e-07,1.2808962e-06,5.2034117e-08,2.310922e-05,OK,OK,OK,OK,OK,OK,OK,OK,OK,OK,OK,OK,0,0.0,0.0,0.0,exact_match,0,0,0
Racisme,198,comme au bon vieux temps,24,5,0,0,0,0,0,0,0,bully_support,OAG,victim,DNG,ATK,DFN,NEG,0,0,1,0,0,0,0,0,0,0,0,0,0,0,0,0,0,0,0,0,0,0,0,0,1.2649446e-05,1.5696138e-06,9.761786e-06,1.402087e-05,2.6894282e-05,1.0328278e-05,4.6563227e-06,3.5596997e-07,2.5449054e-07,1.2147041e-06,4.9795084e-08,2.8449325e-05,OK,OK,FN,OK,OK,OK,OK,OK,OK,OK,OK,OK,1,0.0833333333333333,1.0,0.0357523662399554,low_error,1,1,4,24,5,0,0,0,0,0,0,0,bully_support,OAG,victim,DNG,ATK,DFN,NEG,0,0,0,0,0,0,0,0,0,0,0,0,0,0,0,0,0,0,0,0,0,0,0,0,1.2649446e-05,1.5696138e-06,9.761786e-06,1.402087e-05,2.6894282e-05,1.0328278e-05,4.6563227e-06,3.5596997e-07,2.5449054e-07,1.2147041e-06,4.9795084e-08,2.8449325e-05,OK,OK,OK,OK,OK,OK,OK,OK,OK,OK,OK,OK,0,0.0,0.0,0.0,exact_match,0,0,0
Religion,3,ptn la maturite,15,3,0,1,0,1,0,0,1,conciliator,OAG,bully_support,DNG,DFN,AIN,NEG,1,1,0,0,0,0,0,0,0,0,0,0,0,0,0,0,0,0,0,0,0,0,0,0,1.2969126e-05,1.6114815e-06,1.0781112e-05,1.2788596e-05,3.0436995e-05,9.90979e-06,4.9782634e-06,3.66314e-07,2.5298493e-07,1.2955106e-06,5.1793506e-08,2.7784754e-05,FN,FN,OK,OK,OK,OK,OK,OK,OK,OK,OK,OK,2,0.1666666666666666,1.0,0.0142737164105379,medium_error,2,1,5,15,3,0,1,0,1,0,0,1,conciliator,OAG,bully_support,DNG,DFN,AIN,NEG,1,0,0,0,0,0,0,0,0,0,0,0,0,0,0,0,0,0,0,0,0,0,0,0,1.2969126e-05,1.6114815e-06,1.0781112e-05,1.2788596e-05,3.0436995e-05,9.90979e-06,4.9782634e-06,3.66314e-07,2.5298493e-07,1.2955106e-06,5.1793506e-08,2.7784754e-05,FN,OK,OK,OK,OK,OK,OK,OK,OK,OK,OK,OK,1,0.0833333333333333,1.0,0.0033377107726985,low_error,1,1,4
Religion,4,alors ton argument c'est que ça te fait rire ? sérieusement je te pensez plus inintelligente,92,16,0,0,0,1,0,0,1,victim_support,OAG,bully_support,DNG,DFN,AIN,NEG,0,0,0,0,0,0,0,0,0,0,0,0,1,0,0,0,0,0,0,0,0,0,0,0,0.970873,0.03728647,0.10743487,0.022922534,0.04596483,0.027585953,0.00015982855,0.003766865,0.038341075,0.00089678814,0.0013740904,0.026611697,FP,OK,OK,OK,OK,OK,OK,OK,OK,OK,OK,OK,1,0.0833333333333333,1.0,0.002781884404838,low_error,0,0,0,92,16,0,0,0,1,0,0,1,victim_support,OAG,bully_support,DNG,DFN,AIN,NEG,0,0,1,0,0,0,0,0,0,0,0,0,1,0,0,0,0,0,0,0,0,0,0,0,0.970873,0.03728647,0.10743487,0.022922534,0.04596483,0.027585953,0.00015982855,0.003766865,0.038341075,0.00089678814,0.0013740904,0.026611697,FP,OK,FN,OK,OK,OK,OK,OK,OK,OK,OK,OK,2,0.1666666666666666,1.0,0.035602248242118,medium_error,1,1,4
Religion,7,je savais pas que rire de la religion des gens etait marrant remettez vous en question,86,16,0,0,0,1,0,0,0,victim_support,NAG,,,DFN,ATK,NEG,1,0,0,0,0,0,0,0,0,0,0,0,0,0,1,0,0,0,0,0,0,0,0,0,0.0011303691,0.00015253952,0.9998267,0.00879186,0.0005444211,0.0011024479,0.00014735389,4.59307e-05,0.00043237692,0.00076089497,1.1626831e-05,0.047614504,FN,OK,FP,OK,OK,OK,OK,OK,OK,OK,OK,OK,2,0.1666666666666666,1.0,0.0385342506447934,medium_error,1,1,4,86,16,0,0,0,1,0,0,0,victim_support,NAG,,,DFN,ATK,NEG,1,0,1,0,0,0,0,0,0,0,0,0,0,0,1,0,0,0,0,0,0,0,0,0,0.0011303691,0.00015253952,0.9998267,0.00879186,0.0005444211,0.0011024479,0.00014735389,4.59307e-05,0.00043237692,0.00076089497,1.1626831e-05,0.047614504,FN,OK,OK,OK,OK,OK,OK,OK,OK,OK,OK,OK,1,0.0833333333333333,0.5,0.0033377107726985,low_error,2,2,6
Religion,8,elle publie des photos comme ça faut pas s'étonnerd,51,9,0,0,0,0,0,0,0,bully_support,OAG,victim,OTH,ATK,DFN,NEG,0,0,0,0,0,0,0,0,0,0,0,0,0,0,0,0,1,0,0,0,0,0,0,0,0.001465117,1.2513183e-05,0.0057763755,0.000835064,0.99100655,0.000849507,0.0011577747,1.1229548e-05,9.686106e-06,5.7920797e-06,5.459672e-06,0.000386994,OK,OK,OK,OK,FP,OK,OK,OK,OK,OK,OK,OK,1,0.0833333333333333,1.0,0.1235997296387703,low_error,0,0,0,51,9,0,0,0,0,0,0,0,bully_support,OAG,victim,OTH,ATK,DFN,NEG,0,0,0,0,1,0,0,0,0,0,0,0,0,0,0,0,1,0,0,0,0,0,0,0,0.001465117,1.2513183e-05,0.0057763755,0.000835064,0.99100655,0.000849507,0.0011577747,1.1229548e-05,9.686106e-06,5.7920797e-06,5.459672e-06,0.000386994,OK,OK,OK,OK,OK,OK,OK,OK,OK,OK,OK,OK,0,0.0,0.0,0.0,exact_match,1,1,4
Religion,17,bah nan mais on s'en fou de sa vie ou de sa religion,52,13,0,0,0,1,0,0,0,bully,OAG,victim,OTH,ATK,CNS,NEG,0,1,0,0,0,0,0,0,0,0,0,0,0,0,0,0,0,0,0,0,0,0,0,0,2.0611094e-05,5.8991286e-06,1.7445933e-05,2.4026924e-05,3.2674117e-05,2.252492e-05,1.1263721e-05,1.1098266e-06,9.916425e-07,3.8416874e-06,1.9003016e-07,0.001468638,OK,FN,OK,OK,OK,OK,OK,OK,OK,OK,OK,OK,1,0.0833333333333333,1.0,0.0114918320056999,low_error,1,1,4,52,13,0,0,0,1,0,0,0,bully,OAG,victim,OTH,ATK,CNS,NEG,0,0,0,0,0,0,0,0,0,0,0,0,0,0,0,0,0,0,0,0,0,0,0,0,2.0611094e-05,5.8991286e-06,1.7445933e-05,2.4026924e-05,3.2674117e-05,2.252492e-05,1.1263721e-05,1.1098266e-06,9.916425e-07,3.8416874e-06,1.9003016e-07,0.001468638,OK,OK,OK,OK,OK,OK,OK,OK,OK,OK,OK,OK,0,0.0,0.0,0.0,exact_match,0,0,0
Religion,25,mais elle s'affiche donc faut pas s'étonner elle cherche,56,9,0,0,0,0,0,0,0,bully_support,OAG,victim,OTH,GSL,CR,NEG,1,0,0,0,1,0,0,0,0,0,0,0,0,0,0,0,1,0,0,0,0,0,0,0,0.0006000432,7.705988e-06,0.0017992449,0.00074971217,0.986046,0.00068078266,0.0006120749,6.6077714e-06,4.4466265e-06,3.5701205e-06,2.958028e-06,0.0002038349,FN,OK,OK,OK,OK,OK,OK,OK,OK,OK,OK,OK,1,0.0833333333333333,0.5,0.002781884404838,low_error,2,2,6,56,9,0,0,0,0,0,0,0,bully_support,OAG,victim,OTH,GSL,CR,NEG,0,0,0,0,1,0,0,0,0,0,0,0,0,0,0,0,1,0,0,0,0,0,0,0,0.0006000432,7.705988e-06,0.0017992449,0.00074971217,0.986046,0.00068078266,0.0006120749,6.6077714e-06,4.4466265e-06,3.5701205e-06,2.958028e-06,0.0002038349,OK,OK,OK,OK,OK,OK,OK,OK,OK,OK,OK,OK,0,0.0,0.0,0.0,exact_match,1,1,4
Religion,26,elle s'affiche si elle veut,27,5,0,0,0,0,0,0,0,conciliator,NAG,,,DFN,GSL,NEU,1,0,0,0,0,0,0,0,0,0,0,0,0,0,0,0,0,0,0,0,0,0,0,0,1.2282433e-05,1.3992894e-06,9.163815e-06,1.4137225e-05,2.3493105e-05,9.339991e-06,4.3141695e-06,3.12213e-07,2.3327677e-07,1.0837744e-06,4.2666876e-08,3.0293915e-05,FN,OK,OK,OK,OK,OK,OK,OK,OK,OK,OK,OK,1,0.0833333333333333,1.0,0.002781884404838,low_error,1,1,4,27,5,0,0,0,0,0,0,0,conciliator,NAG,,,DFN,GSL,NEU,0,0,0,0,0,0,0,0,0,0,0,0,0,0,0,0,0,0,0,0,0,0,0,0,1.2282433e-05,1.3992894e-06,9.163815e-06,1.4137225e-05,2.3493105e-05,9.339991e-06,4.3141695e-06,3.12213e-07,2.3327677e-07,1.0837744e-06,4.2666876e-08,3.0293915e-05,OK,OK,OK,OK,OK,OK,OK,OK,OK,OK,OK,OK,0,0.0,0.0,0.0,exact_match,0,0,0
Religion,34,et alors ? ça change quoi la religion à laquelle tu appartiens ? ca reste toujours mon petit frère,98,19,0,0,0,0,0,0,0,victim,NAG,,,DFN,ATK,NEU,1,0,0,0,0,0,0,0,0,0,0,1,0,0,0,0,0,0,0,0,0,0,0,0,1.2881229e-05,1.6742825e-06,8.546884e-06,1.7883367e-05,2.432681e-05,1.0194438e-05,4.7694352e-06,3.676369e-07,2.797904e-07,1.2064748e-06,5.1917933e-08,4.7794547e-05,FN,OK,OK,OK,OK,OK,OK,OK,OK,OK,OK,FN,2,0.1666666666666666,1.0,0.0186067022487527,medium_error,2,2,6,98,19,0,0,0,0,0,0,0,victim,NAG,,,DFN,ATK,NEU,1,0,0,0,0,0,0,0,0,0,0,0,0,0,0,0,0,0,0,0,0,0,0,0,1.2881229e-05,1.6742825e-06,8.546884e-06,1.7883367e-05,2.432681e-05,1.0194438e-05,4.7694352e-06,3.676369e-07,2.797904e-07,1.2064748e-06,5.1917933e-08,4.7794547e-05,FN,OK,OK,OK,OK,OK,OK,OK,OK,OK,OK,OK,1,0.0833333333333333,1.0,0.0033377107726985,low_error,1,1,4
Religion,37,ce n'est pas la peine qu'on s'insulte pour ça,45,9,0,0,1,0,0,0,0,victim,NAG,,,DFN,ATK,NEU,1,0,0,0,0,1,0,0,0,0,0,0,1,0,0,0,0,0,0,0,1,0,0,0,0.8642218,0.030946212,0.0030749284,0.05071606,0.0004798547,0.008236257,0.013533397,0.027113993,0.8866991,0.022408022,0.0030412711,0.017844059,OK,OK,OK,OK,OK,FN,OK,OK,FP,OK,OK,OK,2,0.1666666666666666,0.6666666666666667,0.19255072167297,medium_error,2,1,5,45,9,0,0,1,0,0,0,0,victim,NAG,,,DFN,ATK,NEU,1,0,0,0,0,0,0,0,0,0,0,0,1,0,0,0,0,0,0,0,1,0,0,0,0.8642218,0.030946212,0.0030749284,0.05071606,0.0004798547,0.008236257,0.013533397,0.027113993,0.8866991,0.022408022,0.0030412711,0.017844059,OK,OK,OK,OK,OK,OK,OK,OK,FP,OK,OK,OK,1,0.0833333333333333,0.5,0.1239354832372068,low_error,1,1,4
Religion,43,etre méchant c'est mal les gars,31,6,0,0,0,0,0,0,0,conciliator,OAG,bully,OTH,DFN,,NEG,1,0,0,0,0,0,0,0,0,0,0,0,1,0,0,0,0,0,0,0,0,0,0,0,0.9432397,0.0378234,0.0003195827,0.010661687,0.0008961081,0.020157149,0.00014244857,0.0042439867,0.066922456,0.0017133761,0.00082843984,0.05287937,OK,OK,OK,OK,OK,OK,OK,OK,OK,OK,OK,OK,0,0.0,0.0,0.0,exact_match,1,1,4,31,6,0,0,0,0,0,0,0,conciliator,OAG,bully,OTH,DFN,,NEG,0,0,0,0,0,0,0,0,0,0,0,0,1,0,0,0,0,0,0,0,0,0,0,0,0.9432397,0.0378234,0.0003195827,0.010661687,0.0008961081,0.020157149,0.00014244857,0.0042439867,0.066922456,0.0017133761,0.00082843984,0.05287937,FP,OK,OK,OK,OK,OK,OK,OK,OK,OK,OK,OK,1,0.0833333333333333,1.0,0.0033377107726985,low_error,0,0,0
Religion,56,paul mais casse toi laisse la juive se defendre seul,52,10,0,0,0,1,1,0,0,bully,OAG,victim,OTH,ATK,,NEG,1,1,0,0,0,0,0,0,0,0,0,0,0,0,0,0,0,0,0,0,0,0,0,0,0.0002928017,9.00664e-06,2.045704e-05,1.6873875e-05,1.3885197e-05,2.0291189e-05,5.56806e-06,1.0936753e-06,1.4439787e-06,2.5508175e-06,1.7365012e-07,0.002237869,FN,FN,OK,OK,OK,OK,OK,OK,OK,OK,OK,OK,2,0.1666666666666666,1.0,0.0142737164105379,medium_error,2,1,5,52,10,0,0,0,1,1,0,0,bully,OAG,victim,OTH,ATK,,NEG,1,0,0,0,0,0,0,0,0,0,0,0,0,0,0,0,0,0,0,0,0,0,0,0,0.0002928017,9.00664e-06,2.045704e-05,1.6873875e-05,1.3885197e-05,2.0291189e-05,5.56806e-06,1.0936753e-06,1.4439787e-06,2.5508175e-06,1.7365012e-07,0.002237869,FN,OK,OK,OK,OK,OK,OK,OK,OK,OK,OK,OK,1,0.0833333333333333,1.0,0.0033377107726985,low_error,1,1,4
Religion,70,laisse tomber ila 0 reparti,27,5,0,0,0,1,0,0,0,victim_support,OAG,bully,OTH,DFN,ATK,NEG,1,0,0,0,0,0,0,0,0,0,0,0,0,0,0,0,0,0,0,0,0,0,0,0,1.34221e-05,1.5993221e-06,1.1293481e-05,1.339821e-05,3.1038835e-05,1.043844e-05,4.8020315e-06,3.6667714e-07,2.4815233e-07,1.2924945e-06,5.2371057e-08,2.0610387e-05,FN,OK,OK,OK,OK,OK,OK,OK,OK,OK,OK,OK,1,0.0833333333333333,1.0,0.002781884404838,low_error,1,1,4,27,5,0,0,0,1,0,0,0,victim_support,OAG,bully,OTH,DFN,ATK,NEG,0,0,0,0,0,0,0,0,0,0,0,0,0,0,0,0,0,0,0,0,0,0,0,0,1.34221e-05,1.5993221e-06,1.1293481e-05,1.339821e-05,3.1038835e-05,1.043844e-05,4.8020315e-06,3.6667714e-07,2.4815233e-07,1.2924945e-06,5.2371057e-08,2.0610387e-05,OK,OK,OK,OK,OK,OK,OK,OK,OK,OK,OK,OK,0,0.0,0.0,0.0,exact_match,0,0,0
Religion,71,ba ca nous dérange,18,4,0,0,0,0,0,0,0,bully_support,OAG,victim,OTH,ATK,DFN,NEG,1,0,0,0,0,0,0,0,0,0,0,0,0,0,0,0,0,1,0,0,0,0,0,0,0.115187325,0.0011633143,0.001940204,0.0038142947,0.0011824262,0.9838478,4.1515104e-05,0.0007312712,0.015468846,0.00012684245,6.411054e-05,0.004509904,FN,OK,OK,OK,OK,FP,OK,OK,OK,OK,OK,OK,2,0.1666666666666666,1.0,0.0717328764390377,medium_error,1,1,4,18,4,0,0,0,0,0,0,0,bully_support,OAG,victim,OTH,ATK,DFN,NEG,0,0,0,0,0,0,0,0,0,0,0,0,0,0,0,0,0,1,0,0,0,0,0,0,0.115187325,0.0011633143,0.001940204,0.0038142947,0.0011824262,0.9838478,4.1515104e-05,0.0007312712,0.015468846,0.00012684245,6.411054e-05,0.004509904,OK,OK,OK,OK,OK,FP,OK,OK,OK,OK,OK,OK,1,0.0833333333333333,1.0,0.0691382945773275,low_error,0,0,0
Religion,75,bah on s'en balec que ca vs derange on vs demande pas votre avis,64,14,0,0,0,1,1,0,0,victim_support,OAG,bully,OTH,DFN,ATK,NEG,1,0,0,0,0,0,0,0,0,0,0,1,0,0,0,0,0,0,0,0,0,0,0,0,8.920333e-05,1.2021863e-05,1.8712732e-05,4.4127166e-05,1.9706875e-05,2.4550665e-05,1.5123997e-05,1.9116362e-06,2.3843472e-06,5.881384e-06,3.3405058e-07,0.006259237,FN,OK,OK,OK,OK,OK,OK,OK,OK,OK,OK,FN,2,0.1666666666666666,1.0,0.0186067022487527,medium_error,2,2,6,64,14,0,0,0,1,1,0,0,victim_support,OAG,bully,OTH,DFN,ATK,NEG,1,0,0,0,0,0,0,0,0,0,0,0,0,0,0,0,0,0,0,0,0,0,0,0,8.920333e-05,1.2021863e-05,1.8712732e-05,4.4127166e-05,1.9706875e-05,2.4550665e-05,1.5123997e-05,1.9116362e-06,2.3843472e-06,5.881384e-06,3.3405058e-07,0.006259237,FN,OK,OK,OK,OK,OK,OK,OK,OK,OK,OK,OK,1,0.0833333333333333,1.0,0.0033377107726985,low_error,1,1,4
Religion,79,perso je préfère être différente que vous ressembler et être une bande de mouton a suivre une personne raciste,110,19,0,0,1,1,0,0,0,victim_support,OAG,bully,OTH,DFN,,NEG,0,0,0,0,0,0,0,0,0,1,0,0,0,0,0,0,0,0,0,0,0,0,0,1,0.00021595498,3.8308524e-05,0.00016794475,9.9528996e-05,0.00010084768,7.8083256e-05,6.350917e-05,2.794008e-06,1.2815126e-05,7.2104326e-06,8.047234e-07,0.999137,OK,OK,OK,OK,OK,OK,OK,OK,OK,FN,OK,FP,2,0.1666666666666666,1.0,0.139424547482685,medium_error,1,1,4,110,19,0,0,1,1,0,0,0,victim_support,OAG,bully,OTH,DFN,,NEG,1,0,0,0,0,0,0,0,0,0,0,0,0,0,0,0,0,0,0,0,0,0,0,1,0.00021595498,3.8308524e-05,0.00016794475,9.9528996e-05,0.00010084768,7.8083256e-05,6.350917e-05,2.794008e-06,1.2815126e-05,7.2104326e-06,8.047234e-07,0.999137,FN,OK,OK,OK,OK,OK,OK,OK,OK,OK,OK,FP,2,0.1666666666666666,1.0,0.0189495837417725,medium_error,1,1,4
Religion,83,mdr t'es quoi toi leo chrétien?,31,6,0,1,0,0,1,1,0,victim_support,CAG,bully,OTH,DFN,ATK,NEG,0,0,1,0,0,0,0,0,0,0,0,0,1,0,0,0,0,0,0,0,0,0,0,0,0.93397254,0.00080401584,0.00027945192,0.0009921853,0.007178149,9.036651e-05,5.7878435e-05,4.3591426e-05,0.00020188387,2.0046973e-05,1.9576768e-05,0.26048285,FP,OK,FN,OK,OK,OK,OK,OK,OK,OK,OK,OK,2,0.1666666666666666,1.0,0.0385342506447934,medium_error,1,1,4,31,6,0,1,0,0,1,1,0,victim_support,CAG,bully,OTH,DFN,ATK,NEG,0,0,0,0,0,0,0,0,0,0,0,0,1,0,0,0,0,0,0,0,0,0,0,0,0.93397254,0.00080401584,0.00027945192,0.0009921853,0.007178149,9.036651e-05,5.7878435e-05,4.3591426e-05,0.00020188387,2.0046973e-05,1.9576768e-05,0.26048285,FP,OK,OK,OK,OK,OK,OK,OK,OK,OK,OK,OK,1,0.0833333333333333,1.0,0.0033377107726985,low_error,0,0,0
Religion,90,non je suis tres calme et toi t'es juive,40,9,0,0,0,1,0,0,0,bully,OAG,victim,OTH,ATK,OTH,NEG,0,0,0,0,0,0,0,0,0,0,0,1,0,0,0,0,0,0,0,0,0,0,0,1,0.00013266254,2.2133456e-05,5.394335e-05,0.00010518877,3.9796076e-05,4.9639355e-05,2.6399526e-05,1.7778268e-06,7.1307327e-06,4.323676e-06,4.231785e-07,0.98717403,OK,OK,OK,OK,OK,OK,OK,OK,OK,OK,OK,OK,0,0.0,0.0,0.0,exact_match,1,1,3,40,9,0,0,0,1,0,0,0,bully,OAG,victim,OTH,ATK,OTH,NEG,0,0,0,0,0,0,0,0,0,0,0,0,0,0,0,0,0,0,0,0,0,0,0,1,0.00013266254,2.2133456e-05,5.394335e-05,0.00010518877,3.9796076e-05,4.9639355e-05,2.6399526e-05,1.7778268e-06,7.1307327e-06,4.323676e-06,4.231785e-07,0.98717403,OK,OK,OK,OK,OK,OK,OK,OK,OK,OK,OK,FP,1,0.0833333333333333,1.0,0.0156118729690739,low_error,0,0,0
Religion,95,laisse leur seul argumentation est qu'elle est juive waw bravo vous êtes allés a l'ecole,88,15,0,1,0,1,0,0,1,victim_support,CAG,bully,DNG,DFN,ATK,NEG,1,1,0,0,0,0,0,0,0,0,0,0,0,0,0,0,0,0,0,0,0,1,0,0,0.043184627,0.007187194,0.020877931,0.002261694,0.001999772,0.00013260714,0.10080848,0.0061311903,0.092663944,0.7309165,0.0016244868,0.06011931,FN,FN,OK,OK,OK,OK,OK,OK,OK,FP,OK,OK,3,0.25,1.0,0.1378734460493083,medium_error,2,1,5,88,15,0,1,0,1,0,0,1,victim_support,CAG,bully,DNG,DFN,ATK,NEG,1,0,0,0,0,0,0,0,0,0,0,0,0,0,0,0,0,0,0,0,0,1,0,0,0.043184627,0.007187194,0.020877931,0.002261694,0.001999772,0.00013260714,0.10080848,0.0061311903,0.092663944,0.7309165,0.0016244868,0.06011931,FN,OK,OK,OK,OK,OK,OK,OK,OK,FP,OK,OK,2,0.1666666666666666,1.0,0.1272731940099054,medium_error,1,1,4
Religion,101,pas pour aller faire le fiere et dénigrer les gens nan il a pas de vie,70,16,0,0,1,1,0,0,1,victim_support,OAG,bully,DNG,DFN,ATK,NEG,1,1,0,0,0,0,0,0,0,0,0,1,0,0,0,0,0,0,0,0,1,0,0,0,0.16941348,0.017991506,0.0026714036,0.023259204,0.0002042941,0.019294655,0.0070695,0.024670493,0.88185185,0.05892162,0.0019152289,0.02475653,FN,FN,OK,OK,OK,OK,OK,OK,FP,OK,OK,FN,4,0.3333333333333333,1.0,0.153698263893223,high_error,3,2,7,70,16,0,0,1,1,0,0,1,victim_support,OAG,bully,DNG,DFN,ATK,NEG,1,1,0,0,0,0,0,0,0,0,0,0,0,0,0,0,0,0,0,0,1,0,0,0,0.16941348,0.017991506,0.0026714036,0.023259204,0.0002042941,0.019294655,0.0070695,0.024670493,0.88185185,0.05892162,0.0019152289,0.02475653,FN,FN,OK,OK,OK,OK,OK,OK,FP,OK,OK,OK,3,0.25,1.0,0.1393723955609377,medium_error,2,1,5
